year,month,gender,age,ICD10,death
2015,1,F,65,200,0
2015,1,F,66,200,436
2015,1,F,67,200,283
2015,1,F,68,200,5
2015,1,F,69,200,1
2015,1,F,70,200,2216
2015,1,F,71,200,745
2015,1,F,72,200,0
2015,1,F,73,200,63
2015,1,F,74,200,169
2015,1,F,75,200,37
2015,1,F,76,200,8430
2015,1,F,77,200,24157
2015,1,F,78,200,951
2015,1,F,79,200,3072
2015,1,F,80,200,619
2015,1,F,81,200,977
2015,1,F,82,200,9031
2015,1,F,83,200,49090
2015,1,F,84,200,5304
2015,1,F,85,200,4476
2015,1,M,65,200,7221
2015,1,M,66,200,2471
2015,1,M,67,200,2276
2015,1,M,68,200,1873
2015,1,M,69,200,73
2015,1,M,70,200,269
2015,1,M,71,200,997
2015,1,M,72,200,2973
2015,1,M,73,200,983
2015,1,M,74,200,49
2015,1,M,75,200,2
2015,1,M,76,200,0
2015,1,M,77,200,86
2015,1,M,78,200,13290
2015,1,M,79,200,9319
2015,1,M,80,200,2603
2015,1,M,81,200,286
2015,1,M,82,200,14
2015,1,M,83,200,17
2015,1,M,84,200,100
2015,1,M,85,200,536
2015,2,F,65,200,0
2015,2,F,66,200,497
2015,2,F,67,200,297
2015,2,F,68,200,4
2015,2,F,69,200,0
2015,2,F,70,200,1815
2015,2,F,71,200,683
2015,2,F,72,200,0
2015,2,F,73,200,55
2015,2,F,74,200,162
2015,2,F,75,200,28
2015,2,F,76,200,7285
2015,2,F,77,200,21384
2015,2,F,78,200,771
2015,2,F,79,200,2604
2015,2,F,80,200,510
2015,2,F,81,200,741
2015,2,F,82,200,7278
2015,2,F,83,200,42325
2015,2,F,84,200,3496
2015,2,F,85,200,2913
2015,2,M,65,200,6350
2015,2,M,66,200,1964
2015,2,M,67,200,1951
2015,2,M,68,200,1607
2015,2,M,69,200,66
2015,2,M,70,200,235
2015,2,M,71,200,925
2015,2,M,72,200,2572
2015,2,M,73,200,859
2015,2,M,74,200,43
2015,2,M,75,200,4
2015,2,M,76,200,0
2015,2,M,77,200,83
2015,2,M,78,200,11120
2015,2,M,79,200,8136
2015,2,M,80,200,2252
2015,2,M,81,200,243
2015,2,M,82,200,7
2015,2,M,83,200,40
2015,2,M,84,200,105
2015,2,M,85,200,568
2015,3,F,65,200,1
2015,3,F,66,200,499
2015,3,F,67,200,307
2015,3,F,68,200,6
2015,3,F,69,200,1
2015,3,F,70,200,1826
2015,3,F,71,200,713
2015,3,F,72,200,0
2015,3,F,73,200,73
2015,3,F,74,200,164
2015,3,F,75,200,20
2015,3,F,76,200,8060
2015,3,F,77,200,23614
2015,3,F,78,200,923
2015,3,F,79,200,2729
2015,3,F,80,200,577
2015,3,F,81,200,813
2015,3,F,82,200,7553
2015,3,F,83,200,44468
2015,3,F,84,200,3147
2015,3,F,85,200,2604
2015,3,M,65,200,6657
2015,3,M,66,200,2103
2015,3,M,67,200,2014
2015,3,M,68,200,1774
2015,3,M,69,200,70
2015,3,M,70,200,285
2015,3,M,71,200,996
2015,3,M,72,200,2765
2015,3,M,73,200,929
2015,3,M,74,200,51
2015,3,M,75,200,1
2015,3,M,76,200,0
2015,3,M,77,200,83
2015,3,M,78,200,11609
2015,3,M,79,200,8589
2015,3,M,80,200,2295
2015,3,M,81,200,312
2015,3,M,82,200,6
2015,3,M,83,200,18
2015,3,M,84,200,87
2015,3,M,85,200,626
2015,4,F,65,200,3
2015,4,F,66,200,405
2015,4,F,67,200,310
2015,4,F,68,200,4
2015,4,F,69,200,0
2015,4,F,70,200,1642
2015,4,F,71,200,653
2015,4,F,72,200,0
2015,4,F,73,200,51
2015,4,F,74,200,124
2015,4,F,75,200,29
2015,4,F,76,200,7721
2015,4,F,77,200,22482
2015,4,F,78,200,838
2015,4,F,79,200,2556
2015,4,F,80,200,490
2015,4,F,81,200,713
2015,4,F,82,200,6845
2015,4,F,83,200,41011
2015,4,F,84,200,2751
2015,4,F,85,200,2195
2015,4,M,65,200,6097
2015,4,M,66,200,1990
2015,4,M,67,200,1797
2015,4,M,68,200,1658
2015,4,M,69,200,69
2015,4,M,70,200,221
2015,4,M,71,200,957
2015,4,M,72,200,2530
2015,4,M,73,200,836
2015,4,M,74,200,46
2015,4,M,75,200,6
2015,4,M,76,200,0
2015,4,M,77,200,92
2015,4,M,78,200,10223
2015,4,M,79,200,7901
2015,4,M,80,200,2295
2015,4,M,81,200,273
2015,4,M,82,200,6
2015,4,M,83,200,19
2015,4,M,84,200,93
2015,4,M,85,200,515
2015,5,F,65,200,2
2015,5,F,66,200,421
2015,5,F,67,200,296
2015,5,F,68,200,4
2015,5,F,69,200,1
2015,5,F,70,200,1591
2015,5,F,71,200,588
2015,5,F,72,200,0
2015,5,F,73,200,60
2015,5,F,74,200,140
2015,5,F,75,200,26
2015,5,F,76,200,7793
2015,5,F,77,200,23166
2015,5,F,78,200,817
2015,5,F,79,200,2452
2015,5,F,80,200,503
2015,5,F,81,200,711
2015,5,F,82,200,6633
2015,5,F,83,200,40117
2015,5,F,84,200,2488
2015,5,F,85,200,1952
2015,5,M,65,200,5805
2015,5,M,66,200,1938
2015,5,M,67,200,1702
2015,5,M,68,200,1536
2015,5,M,69,200,67
2015,5,M,70,200,254
2015,5,M,71,200,948
2015,5,M,72,200,2409
2015,5,M,73,200,816
2015,5,M,74,200,44
2015,5,M,75,200,5
2015,5,M,76,200,0
2015,5,M,77,200,99
2015,5,M,78,200,9945
2015,5,M,79,200,7616
2015,5,M,80,200,2293
2015,5,M,81,200,316
2015,5,M,82,200,10
2015,5,M,83,200,22
2015,5,M,84,200,91
2015,5,M,85,200,546
2015,6,F,65,200,2
2015,6,F,66,200,382
2015,6,F,67,200,223
2015,6,F,68,200,2
2015,6,F,69,200,1
2015,6,F,70,200,1431
2015,6,F,71,200,576
2015,6,F,72,200,0
2015,6,F,73,200,39
2015,6,F,74,200,129
2015,6,F,75,200,36
2015,6,F,76,200,7433
2015,6,F,77,200,22171
2015,6,F,78,200,793
2015,6,F,79,200,2341
2015,6,F,80,200,486
2015,6,F,81,200,679
2015,6,F,82,200,6226
2015,6,F,83,200,37262
2015,6,F,84,200,2257
2015,6,F,85,200,1709
2015,6,M,65,200,5250
2015,6,M,66,200,1636
2015,6,M,67,200,1571
2015,6,M,68,200,1447
2015,6,M,69,200,59
2015,6,M,70,200,236
2015,6,M,71,200,861
2015,6,M,72,200,2242
2015,6,M,73,200,779
2015,6,M,74,200,39
2015,6,M,75,200,0
2015,6,M,76,200,1
2015,6,M,77,200,76
2015,6,M,78,200,9415
2015,6,M,79,200,7197
2015,6,M,80,200,2301
2015,6,M,81,200,297
2015,6,M,82,200,12
2015,6,M,83,200,22
2015,6,M,84,200,89
2015,6,M,85,200,459
2015,7,F,65,200,1
2015,7,F,66,200,362
2015,7,F,67,200,221
2015,7,F,68,200,6
2015,7,F,69,200,0
2015,7,F,70,200,1521
2015,7,F,71,200,598
2015,7,F,72,200,0
2015,7,F,73,200,43
2015,7,F,74,200,134
2015,7,F,75,200,38
2015,7,F,76,200,7947
2015,7,F,77,200,23090
2015,7,F,78,200,811
2015,7,F,79,200,2374
2015,7,F,80,200,542
2015,7,F,81,200,698
2015,7,F,82,200,6384
2015,7,F,83,200,38566
2015,7,F,84,200,2253
2015,7,F,85,200,1573
2015,7,M,65,200,5040
2015,7,M,66,200,1644
2015,7,M,67,200,1553
2015,7,M,68,200,1448
2015,7,M,69,200,62
2015,7,M,70,200,262
2015,7,M,71,200,890
2015,7,M,72,200,2384
2015,7,M,73,200,733
2015,7,M,74,200,47
2015,7,M,75,200,3
2015,7,M,76,200,0
2015,7,M,77,200,84
2015,7,M,78,200,9513
2015,7,M,79,200,7548
2015,7,M,80,200,2395
2015,7,M,81,200,348
2015,7,M,82,200,10
2015,7,M,83,200,21
2015,7,M,84,200,83
2015,7,M,85,200,448
2015,8,F,65,200,2
2015,8,F,66,200,374
2015,8,F,67,200,251
2015,8,F,68,200,6
2015,8,F,69,200,0
2015,8,F,70,200,1588
2015,8,F,71,200,633
2015,8,F,72,200,0
2015,8,F,73,200,50
2015,8,F,74,200,128
2015,8,F,75,200,35
2015,8,F,76,200,7771
2015,8,F,77,200,23206
2015,8,F,78,200,806
2015,8,F,79,200,2376
2015,8,F,80,200,521
2015,8,F,81,200,712
2015,8,F,82,200,6420
2015,8,F,83,200,37690
2015,8,F,84,200,2210
2015,8,F,85,200,1627
2015,8,M,65,200,4742
2015,8,M,66,200,1560
2015,8,M,67,200,1523
2015,8,M,68,200,1373
2015,8,M,69,200,67
2015,8,M,70,200,216
2015,8,M,71,200,915
2015,8,M,72,200,2263
2015,8,M,73,200,745
2015,8,M,74,200,39
2015,8,M,75,200,7
2015,8,M,76,200,0
2015,8,M,77,200,76
2015,8,M,78,200,9400
2015,8,M,79,200,7373
2015,8,M,80,200,2378
2015,8,M,81,200,314
2015,8,M,82,200,13
2015,8,M,83,200,25
2015,8,M,84,200,110
2015,8,M,85,200,483
2015,9,F,65,200,1
2015,9,F,66,200,368
2015,9,F,67,200,219
2015,9,F,68,200,5
2015,9,F,69,200,0
2015,9,F,70,200,1529
2015,9,F,71,200,583
2015,9,F,72,200,0
2015,9,F,73,200,43
2015,9,F,74,200,139
2015,9,F,75,200,44
2015,9,F,76,200,7652
2015,9,F,77,200,22379
2015,9,F,78,200,790
2015,9,F,79,200,2265
2015,9,F,80,200,528
2015,9,F,81,200,660
2015,9,F,82,200,6467
2015,9,F,83,200,37296
2015,9,F,84,200,2166
2015,9,F,85,200,1516
2015,9,M,65,200,4694
2015,9,M,66,200,1486
2015,9,M,67,200,1557
2015,9,M,68,200,1344
2015,9,M,69,200,78
2015,9,M,70,200,225
2015,9,M,71,200,830
2015,9,M,72,200,2181
2015,9,M,73,200,798
2015,9,M,74,200,38
2015,9,M,75,200,4
2015,9,M,76,200,0
2015,9,M,77,200,80
2015,9,M,78,200,9314
2015,9,M,79,200,7362
2015,9,M,80,200,2336
2015,9,M,81,200,291
2015,9,M,82,200,3
2015,9,M,83,200,22
2015,9,M,84,200,98
2015,9,M,85,200,445
2015,10,F,65,200,4
2015,10,F,66,200,362
2015,10,F,67,200,232
2015,10,F,68,200,2
2015,10,F,69,200,0
2015,10,F,70,200,1666
2015,10,F,71,200,664
2015,10,F,72,200,1
2015,10,F,73,200,54
2015,10,F,74,200,126
2015,10,F,75,200,33
2015,10,F,76,200,7968
2015,10,F,77,200,23576
2015,10,F,78,200,816
2015,10,F,79,200,2510
2015,10,F,80,200,552
2015,10,F,81,200,751
2015,10,F,82,200,7236
2015,10,F,83,200,40064
2015,10,F,84,200,2364
2015,10,F,85,200,1768
2015,10,M,65,200,5025
2015,10,M,66,200,1710
2015,10,M,67,200,1672
2015,10,M,68,200,1483
2015,10,M,69,200,56
2015,10,M,70,200,245
2015,10,M,71,200,947
2015,10,M,72,200,2352
2015,10,M,73,200,763
2015,10,M,74,200,38
2015,10,M,75,200,3
2015,10,M,76,200,1
2015,10,M,77,200,81
2015,10,M,78,200,10184
2015,10,M,79,200,7893
2015,10,M,80,200,2490
2015,10,M,81,200,318
2015,10,M,82,200,10
2015,10,M,83,200,24
2015,10,M,84,200,99
2015,10,M,85,200,469
2015,11,F,65,200,1
2015,11,F,66,200,362
2015,11,F,67,200,229
2015,11,F,68,200,5
2015,11,F,69,200,2
2015,11,F,70,200,1656
2015,11,F,71,200,639
2015,11,F,72,200,0
2015,11,F,73,200,45
2015,11,F,74,200,136
2015,11,F,75,200,32
2015,11,F,76,200,7536
2015,11,F,77,200,22569
2015,11,F,78,200,838
2015,11,F,79,200,2523
2015,11,F,80,200,537
2015,11,F,81,200,729
2015,11,F,82,200,7288
2015,11,F,83,200,39865
2015,11,F,84,200,2397
2015,11,F,85,200,1780
2015,11,M,65,200,5169
2015,11,M,66,200,1653
2015,11,M,67,200,1671
2015,11,M,68,200,1515
2015,11,M,69,200,69
2015,11,M,70,200,240
2015,11,M,71,200,956
2015,11,M,72,200,2414
2015,11,M,73,200,816
2015,11,M,74,200,54
2015,11,M,75,200,2
2015,11,M,76,200,0
2015,11,M,77,200,91
2015,11,M,78,200,9842
2015,11,M,79,200,7908
2015,11,M,80,200,2455
2015,11,M,81,200,274
2015,11,M,82,200,5
2015,11,M,83,200,11
2015,11,M,84,200,105
2015,11,M,85,200,446
2015,12,F,65,200,4
2015,12,F,66,200,376
2015,12,F,67,200,238
2015,12,F,68,200,11
2015,12,F,69,200,0
2015,12,F,70,200,1769
2015,12,F,71,200,666
2015,12,F,72,200,0
2015,12,F,73,200,55
2015,12,F,74,200,159
2015,12,F,75,200,31
2015,12,F,76,200,7834
2015,12,F,77,200,23339
2015,12,F,78,200,842
2015,12,F,79,200,2596
2015,12,F,80,200,528
2015,12,F,81,200,834
2015,12,F,82,200,7735
2015,12,F,83,200,42585
2015,12,F,84,200,2600
2015,12,F,85,200,2057
2015,12,M,65,200,5807
2015,12,M,66,200,1869
2015,12,M,67,200,1796
2015,12,M,68,200,1632
2015,12,M,69,200,65
2015,12,M,70,200,243
2015,12,M,71,200,980
2015,12,M,72,200,2572
2015,12,M,73,200,837
2015,12,M,74,200,58
2015,12,M,75,200,1
2015,12,M,76,200,0
2015,12,M,77,200,78
2015,12,M,78,200,10674
2015,12,M,79,200,8313
2015,12,M,80,200,2544
2015,12,M,81,200,311
2015,12,M,82,200,7
2015,12,M,83,200,15
2015,12,M,84,200,108
2015,12,M,85,200,461
2015,1,F,65,4,0
2015,1,F,65,19,0
2015,1,F,65,51,0
2015,1,F,65,52,1
2015,1,F,65,76,0
2015,1,F,65,82,0
2015,1,F,65,93,0
2015,1,F,65,97,0
2015,1,F,65,112,0
2015,1,F,65,124,0
2015,1,F,66,4,0
2015,1,F,66,19,0
2015,1,F,66,51,0
2015,1,F,66,52,0
2015,1,F,66,76,0
2015,1,F,66,82,0
2015,1,F,66,93,5
2015,1,F,66,97,7
2015,1,F,66,112,8
2015,1,F,66,124,19
2015,1,F,67,4,8
2015,1,F,67,19,6
2015,1,F,67,51,8
2015,1,F,67,52,0
2015,1,F,67,76,0
2015,1,F,67,82,0
2015,1,F,67,93,1
2015,1,F,67,97,0
2015,1,F,67,112,0
2015,1,F,67,124,1
2015,1,F,68,4,1
2015,1,F,68,19,0
2015,1,F,68,51,0
2015,1,F,68,52,0
2015,1,F,68,76,0
2015,1,F,68,82,0
2015,1,F,68,93,0
2015,1,F,68,97,0
2015,1,F,68,112,0
2015,1,F,68,124,0
2015,1,F,69,4,0
2015,1,F,69,19,0
2015,1,F,69,51,0
2015,1,F,69,52,0
2015,1,F,69,76,0
2015,1,F,69,82,0
2015,1,F,69,93,0
2015,1,F,69,97,0
2015,1,F,69,112,0
2015,1,F,69,124,0
2015,1,F,70,4,0
2015,1,F,70,19,0
2015,1,F,70,51,0
2015,1,F,70,52,0
2015,1,F,70,76,0
2015,1,F,70,82,0
2015,1,F,70,93,40
2015,1,F,70,97,39
2015,1,F,70,112,57
2015,1,F,70,124,63
2015,1,F,71,4,43
2015,1,F,71,19,47
2015,1,F,71,51,0
2015,1,F,71,52,0
2015,1,F,71,76,0
2015,1,F,71,82,0
2015,1,F,71,93,0
2015,1,F,71,97,0
2015,1,F,71,112,0
2015,1,F,71,124,0
2015,1,F,72,4,0
2015,1,F,72,19,0
2015,1,F,72,51,0
2015,1,F,72,52,0
2015,1,F,72,76,0
2015,1,F,72,82,0
2015,1,F,72,93,0
2015,1,F,72,97,0
2015,1,F,72,112,0
2015,1,F,72,124,0
2015,1,F,73,4,0
2015,1,F,73,19,0
2015,1,F,73,51,0
2015,1,F,73,52,0
2015,1,F,73,76,0
2015,1,F,73,82,0
2015,1,F,73,93,0
2015,1,F,73,97,0
2015,1,F,73,112,4
2015,1,F,73,124,5
2015,1,F,74,4,2
2015,1,F,74,19,6
2015,1,F,74,51,1
2015,1,F,74,52,1
2015,1,F,74,76,1
2015,1,F,74,82,0
2015,1,F,74,93,1
2015,1,F,74,97,1
2015,1,F,74,112,0
2015,1,F,74,124,0
2015,1,F,75,4,3
2015,1,F,75,19,2
2015,1,F,75,51,0
2015,1,F,75,52,0
2015,1,F,75,76,0
2015,1,F,75,82,0
2015,1,F,75,93,0
2015,1,F,75,97,0
2015,1,F,75,112,0
2015,1,F,75,124,0
2015,1,F,76,4,0
2015,1,F,76,19,6
2015,1,F,76,51,6
2015,1,F,76,52,7
2015,1,F,76,76,11
2015,1,F,76,82,70
2015,1,F,76,93,13
2015,1,F,76,97,8
2015,1,F,76,112,9
2015,1,F,76,124,11
2015,1,F,77,4,669
2015,1,F,77,19,697
2015,1,F,77,51,699
2015,1,F,77,52,822
2015,1,F,77,76,781
2015,1,F,77,82,746
2015,1,F,77,93,645
2015,1,F,77,97,14
2015,1,F,77,112,13
2015,1,F,77,124,14
2015,1,F,78,4,32
2015,1,F,78,19,17
2015,1,F,78,51,30
2015,1,F,78,52,30
2015,1,F,78,76,5
2015,1,F,78,82,5
2015,1,F,78,93,5
2015,1,F,78,97,5
2015,1,F,78,112,12
2015,1,F,78,124,3
2015,1,F,79,4,2
2015,1,F,79,19,1023
2015,1,F,79,51,80
2015,1,F,79,52,92
2015,1,F,79,76,92
2015,1,F,79,82,94
2015,1,F,79,93,110
2015,1,F,79,97,727
2015,1,F,79,112,126
2015,1,F,79,124,92
2015,1,F,80,4,6
2015,1,F,80,19,3
2015,1,F,80,51,11
2015,1,F,80,52,12
2015,1,F,80,76,84
2015,1,F,80,82,0
2015,1,F,80,93,6
2015,1,F,80,97,2
2015,1,F,80,112,0
2015,1,F,80,124,0
2015,1,F,81,4,1
2015,1,F,81,19,1
2015,1,F,81,51,0
2015,1,F,81,52,0
2015,1,F,81,76,0
2015,1,F,81,82,1
2015,1,F,81,93,37
2015,1,F,81,97,2
2015,1,F,81,112,15
2015,1,F,81,124,21
2015,1,F,82,4,659
2015,1,F,82,19,53
2015,1,F,82,51,90
2015,1,F,82,52,104
2015,1,F,82,76,8
2015,1,F,82,82,14
2015,1,F,82,93,71
2015,1,F,82,97,82
2015,1,F,82,112,2074
2015,1,F,82,124,10
2015,1,F,83,4,57
2015,1,F,83,19,428
2015,1,F,83,51,597
2015,1,F,83,52,541
2015,1,F,83,76,696
2015,1,F,83,82,821
2015,1,F,83,93,12678
2015,1,F,83,97,743
2015,1,F,83,112,914
2015,1,F,83,124,916
2015,1,F,84,4,7
2015,1,F,84,19,2
2015,1,F,84,51,6
2015,1,F,84,52,4
2015,1,F,84,76,4
2015,1,F,84,82,5
2015,1,F,84,93,4
2015,1,F,84,97,5
2015,1,F,84,112,41
2015,1,F,84,124,57
2015,1,F,85,4,104
2015,1,F,85,19,54
2015,1,F,85,51,74
2015,1,F,85,52,84
2015,1,F,85,76,88
2015,1,F,85,82,125
2015,1,F,85,93,0
2015,1,F,85,97,0
2015,1,F,85,112,0
2015,1,F,85,124,1
2015,1,M,65,4,0
2015,1,M,65,19,0
2015,1,M,65,51,302
2015,1,M,65,52,3102
2015,1,M,65,76,162
2015,1,M,65,82,146
2015,1,M,65,93,244
2015,1,M,65,97,277
2015,1,M,65,112,163
2015,1,M,65,124,185
2015,1,M,66,4,264
2015,1,M,66,19,0
2015,1,M,66,51,0
2015,1,M,66,52,0
2015,1,M,66,76,0
2015,1,M,66,82,0
2015,1,M,66,93,1
2015,1,M,66,97,0
2015,1,M,66,112,1
2015,1,M,66,124,1
2015,1,M,67,4,12
2015,1,M,67,19,23
2015,1,M,67,51,571
2015,1,M,67,52,10
2015,1,M,67,76,8
2015,1,M,67,82,11
2015,1,M,67,93,27
2015,1,M,67,97,37
2015,1,M,67,112,29
2015,1,M,67,124,28
2015,1,M,68,4,46
2015,1,M,68,19,34
2015,1,M,68,51,53
2015,1,M,68,52,55
2015,1,M,68,76,60
2015,1,M,68,82,44
2015,1,M,68,93,3
2015,1,M,68,97,1
2015,1,M,68,112,1
2015,1,M,68,124,3
2015,1,M,69,4,7
2015,1,M,69,19,5
2015,1,M,69,51,0
2015,1,M,69,52,0
2015,1,M,69,76,1
2015,1,M,69,82,1
2015,1,M,69,93,0
2015,1,M,69,97,0
2015,1,M,69,112,1
2015,1,M,69,124,1
2015,1,M,70,4,2
2015,1,M,70,19,0
2015,1,M,70,51,3
2015,1,M,70,52,4
2015,1,M,70,76,4
2015,1,M,70,82,3
2015,1,M,70,93,4
2015,1,M,70,97,0
2015,1,M,70,112,0
2015,1,M,70,124,1
2015,1,M,71,4,24
2015,1,M,71,19,11
2015,1,M,71,51,64
2015,1,M,71,52,58
2015,1,M,71,76,31
2015,1,M,71,82,35
2015,1,M,71,93,21
2015,1,M,71,97,18
2015,1,M,71,112,4
2015,1,M,71,124,0
2015,1,M,72,4,3
2015,1,M,72,19,5
2015,1,M,72,51,4
2015,1,M,72,52,5
2015,1,M,72,76,4
2015,1,M,72,82,4
2015,1,M,72,93,36
2015,1,M,72,97,41
2015,1,M,72,112,79
2015,1,M,72,124,75
2015,1,M,73,4,53
2015,1,M,73,19,97
2015,1,M,73,51,0
2015,1,M,73,52,2
2015,1,M,73,76,2
2015,1,M,73,82,1
2015,1,M,73,93,5
2015,1,M,73,97,0
2015,1,M,73,112,0
2015,1,M,73,124,0
2015,1,M,74,4,0
2015,1,M,74,19,0
2015,1,M,74,51,0
2015,1,M,74,52,0
2015,1,M,74,76,0
2015,1,M,74,82,4
2015,1,M,74,93,1
2015,1,M,74,97,1
2015,1,M,74,112,3
2015,1,M,74,124,1
2015,1,M,75,4,0
2015,1,M,75,19,0
2015,1,M,75,51,0
2015,1,M,75,52,0
2015,1,M,75,76,0
2015,1,M,75,82,0
2015,1,M,75,93,0
2015,1,M,75,97,0
2015,1,M,75,112,0
2015,1,M,75,124,0
2015,1,M,76,4,0
2015,1,M,76,19,0
2015,1,M,76,51,0
2015,1,M,76,52,0
2015,1,M,76,76,0
2015,1,M,76,82,0
2015,1,M,76,93,0
2015,1,M,76,97,0
2015,1,M,76,112,0
2015,1,M,76,124,0
2015,1,M,77,4,0
2015,1,M,77,19,2
2015,1,M,77,51,7
2015,1,M,77,52,3
2015,1,M,77,76,3
2015,1,M,77,82,0
2015,1,M,77,93,2
2015,1,M,77,97,2
2015,1,M,77,112,1
2015,1,M,77,124,3
2015,1,M,78,4,0
2015,1,M,78,19,13
2015,1,M,78,51,27
2015,1,M,78,52,33
2015,1,M,78,76,24
2015,1,M,78,82,9
2015,1,M,78,93,19
2015,1,M,78,97,22
2015,1,M,78,112,29
2015,1,M,78,124,386
2015,1,M,79,4,272
2015,1,M,79,19,4526
2015,1,M,79,51,187
2015,1,M,79,52,193
2015,1,M,79,76,255
2015,1,M,79,82,226
2015,1,M,79,93,408
2015,1,M,79,97,1324
2015,1,M,79,112,41
2015,1,M,79,124,44
2015,1,M,80,4,79
2015,1,M,80,19,65
2015,1,M,80,51,79
2015,1,M,80,52,97
2015,1,M,80,76,20
2015,1,M,80,82,16
2015,1,M,80,93,4
2015,1,M,80,97,7
2015,1,M,80,112,20
2015,1,M,80,124,78
2015,1,M,81,4,25
2015,1,M,81,19,1
2015,1,M,81,51,2
2015,1,M,81,52,4
2015,1,M,81,76,1
2015,1,M,81,82,0
2015,1,M,81,93,1
2015,1,M,81,97,4
2015,1,M,81,112,4
2015,1,M,81,124,2
2015,1,M,82,4,0
2015,1,M,82,19,0
2015,1,M,82,51,0
2015,1,M,82,52,0
2015,1,M,82,76,0
2015,1,M,82,82,0
2015,1,M,82,93,0
2015,1,M,82,97,0
2015,1,M,82,112,5
2015,1,M,82,124,0
2015,1,M,83,4,0
2015,1,M,83,19,2
2015,1,M,83,51,2
2015,1,M,83,52,1
2015,1,M,83,76,1
2015,1,M,83,82,1
2015,1,M,83,93,0
2015,1,M,83,97,0
2015,1,M,83,112,0
2015,1,M,83,124,0
2015,1,M,84,4,0
2015,1,M,84,19,0
2015,1,M,84,51,1
2015,1,M,84,52,5
2015,1,M,84,76,1
2015,1,M,84,82,1
2015,1,M,84,93,0
2015,1,M,84,97,2
2015,1,M,84,112,4
2015,1,M,84,124,1
2015,1,M,85,4,4
2015,1,M,85,19,4
2015,1,M,85,51,8
2015,1,M,85,52,6
2015,1,M,85,76,5
2015,1,M,85,82,15
2015,1,M,85,93,3
2015,1,M,85,97,5
2015,1,M,85,112,10
2015,1,M,85,124,8
2015,2,F,65,4,0
2015,2,F,65,19,0
2015,2,F,65,51,0
2015,2,F,65,52,1
2015,2,F,65,76,0
2015,2,F,65,82,1
2015,2,F,65,93,0
2015,2,F,65,97,0
2015,2,F,65,112,0
2015,2,F,65,124,0
2015,2,F,66,4,0
2015,2,F,66,19,0
2015,2,F,66,51,0
2015,2,F,66,52,0
2015,2,F,66,76,0
2015,2,F,66,82,0
2015,2,F,66,93,5
2015,2,F,66,97,6
2015,2,F,66,112,16
2015,2,F,66,124,9
2015,2,F,67,4,4
2015,2,F,67,19,8
2015,2,F,67,51,3
2015,2,F,67,52,0
2015,2,F,67,76,0
2015,2,F,67,82,0
2015,2,F,67,93,1
2015,2,F,67,97,0
2015,2,F,67,112,0
2015,2,F,67,124,0
2015,2,F,68,4,1
2015,2,F,68,19,0
2015,2,F,68,51,0
2015,2,F,68,52,0
2015,2,F,68,76,0
2015,2,F,68,82,0
2015,2,F,68,93,0
2015,2,F,68,97,0
2015,2,F,68,112,0
2015,2,F,68,124,0
2015,2,F,69,4,0
2015,2,F,69,19,0
2015,2,F,69,51,0
2015,2,F,69,52,0
2015,2,F,69,76,0
2015,2,F,69,82,0
2015,2,F,69,93,0
2015,2,F,69,97,0
2015,2,F,69,112,0
2015,2,F,69,124,0
2015,2,F,70,4,0
2015,2,F,70,19,0
2015,2,F,70,51,0
2015,2,F,70,52,0
2015,2,F,70,76,0
2015,2,F,70,82,0
2015,2,F,70,93,26
2015,2,F,70,97,30
2015,2,F,70,112,52
2015,2,F,70,124,50
2015,2,F,71,4,36
2015,2,F,71,19,46
2015,2,F,71,51,0
2015,2,F,71,52,0
2015,2,F,71,76,0
2015,2,F,71,82,0
2015,2,F,71,93,0
2015,2,F,71,97,0
2015,2,F,71,112,0
2015,2,F,71,124,0
2015,2,F,72,4,0
2015,2,F,72,19,0
2015,2,F,72,51,0
2015,2,F,72,52,0
2015,2,F,72,76,0
2015,2,F,72,82,0
2015,2,F,72,93,0
2015,2,F,72,97,0
2015,2,F,72,112,0
2015,2,F,72,124,0
2015,2,F,73,4,0
2015,2,F,73,19,0
2015,2,F,73,51,0
2015,2,F,73,52,0
2015,2,F,73,76,0
2015,2,F,73,82,0
2015,2,F,73,93,0
2015,2,F,73,97,0
2015,2,F,73,112,2
2015,2,F,73,124,1
2015,2,F,74,4,2
2015,2,F,74,19,4
2015,2,F,74,51,2
2015,2,F,74,52,3
2015,2,F,74,76,3
2015,2,F,74,82,0
2015,2,F,74,93,1
2015,2,F,74,97,1
2015,2,F,74,112,0
2015,2,F,74,124,1
2015,2,F,75,4,3
2015,2,F,75,19,0
2015,2,F,75,51,0
2015,2,F,75,52,0
2015,2,F,75,76,0
2015,2,F,75,82,0
2015,2,F,75,93,0
2015,2,F,75,97,0
2015,2,F,75,112,0
2015,2,F,75,124,0
2015,2,F,76,4,0
2015,2,F,76,19,5
2015,2,F,76,51,7
2015,2,F,76,52,8
2015,2,F,76,76,5
2015,2,F,76,82,54
2015,2,F,76,93,4
2015,2,F,76,97,7
2015,2,F,76,112,4
2015,2,F,76,124,11
2015,2,F,77,4,617
2015,2,F,77,19,601
2015,2,F,77,51,637
2015,2,F,77,52,688
2015,2,F,77,76,707
2015,2,F,77,82,701
2015,2,F,77,93,639
2015,2,F,77,97,14
2015,2,F,77,112,16
2015,2,F,77,124,10
2015,2,F,78,4,32
2015,2,F,78,19,13
2015,2,F,78,51,24
2015,2,F,78,52,23
2015,2,F,78,76,4
2015,2,F,78,82,4
2015,2,F,78,93,0
2015,2,F,78,97,2
2015,2,F,78,112,8
2015,2,F,78,124,6
2015,2,F,79,4,2
2015,2,F,79,19,822
2015,2,F,79,51,70
2015,2,F,79,52,76
2015,2,F,79,76,64
2015,2,F,79,82,77
2015,2,F,79,93,95
2015,2,F,79,97,625
2015,2,F,79,112,108
2015,2,F,79,124,97
2015,2,F,80,4,2
2015,2,F,80,19,6
2015,2,F,80,51,6
2015,2,F,80,52,10
2015,2,F,80,76,70
2015,2,F,80,82,2
2015,2,F,80,93,2
2015,2,F,80,97,4
2015,2,F,80,112,0
2015,2,F,80,124,2
2015,2,F,81,4,2
2015,2,F,81,19,0
2015,2,F,81,51,0
2015,2,F,81,52,0
2015,2,F,81,76,2
2015,2,F,81,82,0
2015,2,F,81,93,37
2015,2,F,81,97,6
2015,2,F,81,112,18
2015,2,F,81,124,24
2015,2,F,82,4,531
2015,2,F,82,19,54
2015,2,F,82,51,59
2015,2,F,82,52,97
2015,2,F,82,76,10
2015,2,F,82,82,17
2015,2,F,82,93,56
2015,2,F,82,97,74
2015,2,F,82,112,1660
2015,2,F,82,124,4
2015,2,F,83,4,42
2015,2,F,83,19,355
2015,2,F,83,51,534
2015,2,F,83,52,520
2015,2,F,83,76,590
2015,2,F,83,82,699
2015,2,F,83,93,10745
2015,2,F,83,97,716
2015,2,F,83,112,780
2015,2,F,83,124,789
2015,2,F,84,4,1
2015,2,F,84,19,1
2015,2,F,84,51,6
2015,2,F,84,52,2
2015,2,F,84,76,7
2015,2,F,84,82,6
2015,2,F,84,93,3
2015,2,F,84,97,7
2015,2,F,84,112,21
2015,2,F,84,124,25
2015,2,F,85,4,49
2015,2,F,85,19,39
2015,2,F,85,51,48
2015,2,F,85,52,62
2015,2,F,85,76,75
2015,2,F,85,82,80
2015,2,F,85,93,0
2015,2,F,85,97,0
2015,2,F,85,112,0
2015,2,F,85,124,0
2015,2,M,65,4,0
2015,2,M,65,19,1
2015,2,M,65,51,231
2015,2,M,65,52,2445
2015,2,M,65,76,137
2015,2,M,65,82,126
2015,2,M,65,93,252
2015,2,M,65,97,238
2015,2,M,65,112,138
2015,2,M,65,124,145
2015,2,M,66,4,233
2015,2,M,66,19,0
2015,2,M,66,51,0
2015,2,M,66,52,0
2015,2,M,66,76,0
2015,2,M,66,82,0
2015,2,M,66,93,0
2015,2,M,66,97,0
2015,2,M,66,112,4
2015,2,M,66,124,0
2015,2,M,67,4,11
2015,2,M,67,19,27
2015,2,M,67,51,450
2015,2,M,67,52,14
2015,2,M,67,76,14
2015,2,M,67,82,16
2015,2,M,67,93,31
2015,2,M,67,97,29
2015,2,M,67,112,33
2015,2,M,67,124,23
2015,2,M,68,4,45
2015,2,M,68,19,32
2015,2,M,68,51,43
2015,2,M,68,52,40
2015,2,M,68,76,58
2015,2,M,68,82,37
2015,2,M,68,93,3
2015,2,M,68,97,0
2015,2,M,68,112,1
2015,2,M,68,124,2
2015,2,M,69,4,0
2015,2,M,69,19,1
2015,2,M,69,51,0
2015,2,M,69,52,0
2015,2,M,69,76,0
2015,2,M,69,82,0
2015,2,M,69,93,0
2015,2,M,69,97,2
2015,2,M,69,112,0
2015,2,M,69,124,0
2015,2,M,70,4,0
2015,2,M,70,19,0
2015,2,M,70,51,4
2015,2,M,70,52,3
2015,2,M,70,76,2
2015,2,M,70,82,5
2015,2,M,70,93,3
2015,2,M,70,97,0
2015,2,M,70,112,1
2015,2,M,70,124,2
2015,2,M,71,4,25
2015,2,M,71,19,15
2015,2,M,71,51,53
2015,2,M,71,52,34
2015,2,M,71,76,35
2015,2,M,71,82,44
2015,2,M,71,93,14
2015,2,M,71,97,17
2015,2,M,71,112,2
2015,2,M,71,124,1
2015,2,M,72,4,2
2015,2,M,72,19,3
2015,2,M,72,51,1
2015,2,M,72,52,2
2015,2,M,72,76,9
2015,2,M,72,82,5
2015,2,M,72,93,40
2015,2,M,72,97,37
2015,2,M,72,112,60
2015,2,M,72,124,64
2015,2,M,73,4,35
2015,2,M,73,19,64
2015,2,M,73,51,0
2015,2,M,73,52,1
2015,2,M,73,76,0
2015,2,M,73,82,0
2015,2,M,73,93,1
2015,2,M,73,97,1
2015,2,M,73,112,0
2015,2,M,73,124,0
2015,2,M,74,4,1
2015,2,M,74,19,0
2015,2,M,74,51,0
2015,2,M,74,52,0
2015,2,M,74,76,0
2015,2,M,74,82,1
2015,2,M,74,93,0
2015,2,M,74,97,1
2015,2,M,74,112,0
2015,2,M,74,124,2
2015,2,M,75,4,0
2015,2,M,75,19,0
2015,2,M,75,51,0
2015,2,M,75,52,0
2015,2,M,75,76,0
2015,2,M,75,82,0
2015,2,M,75,93,0
2015,2,M,75,97,0
2015,2,M,75,112,0
2015,2,M,75,124,0
2015,2,M,76,4,0
2015,2,M,76,19,0
2015,2,M,76,51,0
2015,2,M,76,52,0
2015,2,M,76,76,0
2015,2,M,76,82,0
2015,2,M,76,93,0
2015,2,M,76,97,0
2015,2,M,76,112,0
2015,2,M,76,124,0
2015,2,M,77,4,0
2015,2,M,77,19,2
2015,2,M,77,51,3
2015,2,M,77,52,1
2015,2,M,77,76,0
2015,2,M,77,82,1
2015,2,M,77,93,2
2015,2,M,77,97,0
2015,2,M,77,112,0
2015,2,M,77,124,2
2015,2,M,78,4,0
2015,2,M,78,19,11
2015,2,M,78,51,22
2015,2,M,78,52,27
2015,2,M,78,76,20
2015,2,M,78,82,16
2015,2,M,78,93,15
2015,2,M,78,97,24
2015,2,M,78,112,24
2015,2,M,78,124,353
2015,2,M,79,4,193
2015,2,M,79,19,3743
2015,2,M,79,51,179
2015,2,M,79,52,176
2015,2,M,79,76,205
2015,2,M,79,82,243
2015,2,M,79,93,348
2015,2,M,79,97,1122
2015,2,M,79,112,38
2015,2,M,79,124,42
2015,2,M,80,4,74
2015,2,M,80,19,54
2015,2,M,80,51,72
2015,2,M,80,52,86
2015,2,M,80,76,17
2015,2,M,80,82,3
2015,2,M,80,93,2
2015,2,M,80,97,1
2015,2,M,80,112,13
2015,2,M,80,124,72
2015,2,M,81,4,14
2015,2,M,81,19,1
2015,2,M,81,51,0
2015,2,M,81,52,1
2015,2,M,81,76,3
2015,2,M,81,82,4
2015,2,M,81,93,2
2015,2,M,81,97,3
2015,2,M,81,112,1
2015,2,M,81,124,0
2015,2,M,82,4,0
2015,2,M,82,19,0
2015,2,M,82,51,0
2015,2,M,82,52,0
2015,2,M,82,76,0
2015,2,M,82,82,0
2015,2,M,82,93,1
2015,2,M,82,97,0
2015,2,M,82,112,5
2015,2,M,82,124,1
2015,2,M,83,4,2
2015,2,M,83,19,2
2015,2,M,83,51,1
2015,2,M,83,52,1
2015,2,M,83,76,0
2015,2,M,83,82,0
2015,2,M,83,93,0
2015,2,M,83,97,0
2015,2,M,83,112,0
2015,2,M,83,124,0
2015,2,M,84,4,0
2015,2,M,84,19,0
2015,2,M,84,51,0
2015,2,M,84,52,1
2015,2,M,84,76,2
2015,2,M,84,82,4
2015,2,M,84,93,4
2015,2,M,84,97,1
2015,2,M,84,112,5
2015,2,M,84,124,4
2015,2,M,85,4,5
2015,2,M,85,19,8
2015,2,M,85,51,8
2015,2,M,85,52,10
2015,2,M,85,76,13
2015,2,M,85,82,9
2015,2,M,85,93,3
2015,2,M,85,97,2
2015,2,M,85,112,5
2015,2,M,85,124,5
2015,3,F,65,4,0
2015,3,F,65,19,0
2015,3,F,65,51,0
2015,3,F,65,52,0
2015,3,F,65,76,0
2015,3,F,65,82,0
2015,3,F,65,93,0
2015,3,F,65,97,0
2015,3,F,65,112,0
2015,3,F,65,124,0
2015,3,F,66,4,0
2015,3,F,66,19,0
2015,3,F,66,51,0
2015,3,F,66,52,0
2015,3,F,66,76,0
2015,3,F,66,82,0
2015,3,F,66,93,8
2015,3,F,66,97,8
2015,3,F,66,112,11
2015,3,F,66,124,15
2015,3,F,67,4,3
2015,3,F,67,19,15
2015,3,F,67,51,3
2015,3,F,67,52,0
2015,3,F,67,76,1
2015,3,F,67,82,0
2015,3,F,67,93,1
2015,3,F,67,97,0
2015,3,F,67,112,0
2015,3,F,67,124,1
2015,3,F,68,4,0
2015,3,F,68,19,0
2015,3,F,68,51,0
2015,3,F,68,52,0
2015,3,F,68,76,0
2015,3,F,68,82,0
2015,3,F,68,93,0
2015,3,F,68,97,0
2015,3,F,68,112,0
2015,3,F,68,124,0
2015,3,F,69,4,0
2015,3,F,69,19,0
2015,3,F,69,51,0
2015,3,F,69,52,0
2015,3,F,69,76,0
2015,3,F,69,82,0
2015,3,F,69,93,0
2015,3,F,69,97,0
2015,3,F,69,112,0
2015,3,F,69,124,0
2015,3,F,70,4,0
2015,3,F,70,19,1
2015,3,F,70,51,0
2015,3,F,70,52,0
2015,3,F,70,76,0
2015,3,F,70,82,0
2015,3,F,70,93,43
2015,3,F,70,97,47
2015,3,F,70,112,41
2015,3,F,70,124,40
2015,3,F,71,4,42
2015,3,F,71,19,44
2015,3,F,71,51,0
2015,3,F,71,52,0
2015,3,F,71,76,0
2015,3,F,71,82,0
2015,3,F,71,93,0
2015,3,F,71,97,0
2015,3,F,71,112,0
2015,3,F,71,124,0
2015,3,F,72,4,0
2015,3,F,72,19,0
2015,3,F,72,51,0
2015,3,F,72,52,0
2015,3,F,72,76,0
2015,3,F,72,82,0
2015,3,F,72,93,0
2015,3,F,72,97,0
2015,3,F,72,112,0
2015,3,F,72,124,0
2015,3,F,73,4,0
2015,3,F,73,19,0
2015,3,F,73,51,0
2015,3,F,73,52,0
2015,3,F,73,76,0
2015,3,F,73,82,0
2015,3,F,73,93,0
2015,3,F,73,97,0
2015,3,F,73,112,3
2015,3,F,73,124,7
2015,3,F,74,4,4
2015,3,F,74,19,3
2015,3,F,74,51,2
2015,3,F,74,52,3
2015,3,F,74,76,0
2015,3,F,74,82,0
2015,3,F,74,93,3
2015,3,F,74,97,2
2015,3,F,74,112,0
2015,3,F,74,124,0
2015,3,F,75,4,5
2015,3,F,75,19,1
2015,3,F,75,51,0
2015,3,F,75,52,0
2015,3,F,75,76,0
2015,3,F,75,82,0
2015,3,F,75,93,0
2015,3,F,75,97,0
2015,3,F,75,112,0
2015,3,F,75,124,0
2015,3,F,76,4,0
2015,3,F,76,19,6
2015,3,F,76,51,5
2015,3,F,76,52,11
2015,3,F,76,76,9
2015,3,F,76,82,47
2015,3,F,76,93,8
2015,3,F,76,97,3
2015,3,F,76,112,7
2015,3,F,76,124,4
2015,3,F,77,4,683
2015,3,F,77,19,734
2015,3,F,77,51,693
2015,3,F,77,52,746
2015,3,F,77,76,725
2015,3,F,77,82,720
2015,3,F,77,93,653
2015,3,F,77,97,19
2015,3,F,77,112,13
2015,3,F,77,124,13
2015,3,F,78,4,24
2015,3,F,78,19,20
2015,3,F,78,51,25
2015,3,F,78,52,18
2015,3,F,78,76,6
2015,3,F,78,82,1
2015,3,F,78,93,3
2015,3,F,78,97,5
2015,3,F,78,112,11
2015,3,F,78,124,4
2015,3,F,79,4,3
2015,3,F,79,19,885
2015,3,F,79,51,60
2015,3,F,79,52,69
2015,3,F,79,76,76
2015,3,F,79,82,81
2015,3,F,79,93,87
2015,3,F,79,97,644
2015,3,F,79,112,85
2015,3,F,79,124,90
2015,3,F,80,4,5
2015,3,F,80,19,2
2015,3,F,80,51,7
2015,3,F,80,52,6
2015,3,F,80,76,64
2015,3,F,80,82,5
2015,3,F,80,93,1
2015,3,F,80,97,3
2015,3,F,80,112,0
2015,3,F,80,124,3
2015,3,F,81,4,1
2015,3,F,81,19,0
2015,3,F,81,51,1
2015,3,F,81,52,1
2015,3,F,81,76,1
2015,3,F,81,82,0
2015,3,F,81,93,44
2015,3,F,81,97,2
2015,3,F,81,112,12
2015,3,F,81,124,18
2015,3,F,82,4,550
2015,3,F,82,19,41
2015,3,F,82,51,72
2015,3,F,82,52,84
2015,3,F,82,76,11
2015,3,F,82,82,18
2015,3,F,82,93,66
2015,3,F,82,97,80
2015,3,F,82,112,1712
2015,3,F,82,124,8
2015,3,F,83,4,48
2015,3,F,83,19,356
2015,3,F,83,51,541
2015,3,F,83,52,570
2015,3,F,83,76,737
2015,3,F,83,82,723
2015,3,F,83,93,11599
2015,3,F,83,97,679
2015,3,F,83,112,792
2015,3,F,83,124,829
2015,3,F,84,4,2
2015,3,F,84,19,3
2015,3,F,84,51,2
2015,3,F,84,52,1
2015,3,F,84,76,5
2015,3,F,84,82,6
2015,3,F,84,93,5
2015,3,F,84,97,6
2015,3,F,84,112,28
2015,3,F,84,124,32
2015,3,F,85,4,53
2015,3,F,85,19,45
2015,3,F,85,51,41
2015,3,F,85,52,50
2015,3,F,85,76,46
2015,3,F,85,82,61
2015,3,F,85,93,0
2015,3,F,85,97,0
2015,3,F,85,112,0
2015,3,F,85,124,0
2015,3,M,65,4,0
2015,3,M,65,19,3
2015,3,M,65,51,282
2015,3,M,65,52,2579
2015,3,M,65,76,174
2015,3,M,65,82,174
2015,3,M,65,93,233
2015,3,M,65,97,276
2015,3,M,65,112,125
2015,3,M,65,124,197
2015,3,M,66,4,240
2015,3,M,66,19,0
2015,3,M,66,51,0
2015,3,M,66,52,0
2015,3,M,66,76,0
2015,3,M,66,82,0
2015,3,M,66,93,2
2015,3,M,66,97,2
2015,3,M,66,112,4
2015,3,M,66,124,1
2015,3,M,67,4,12
2015,3,M,67,19,10
2015,3,M,67,51,473
2015,3,M,67,52,10
2015,3,M,67,76,10
2015,3,M,67,82,14
2015,3,M,67,93,22
2015,3,M,67,97,29
2015,3,M,67,112,28
2015,3,M,67,124,37
2015,3,M,68,4,46
2015,3,M,68,19,41
2015,3,M,68,51,57
2015,3,M,68,52,54
2015,3,M,68,76,59
2015,3,M,68,82,48
2015,3,M,68,93,1
2015,3,M,68,97,3
2015,3,M,68,112,4
2015,3,M,68,124,6
2015,3,M,69,4,4
2015,3,M,69,19,3
2015,3,M,69,51,0
2015,3,M,69,52,0
2015,3,M,69,76,0
2015,3,M,69,82,0
2015,3,M,69,93,0
2015,3,M,69,97,0
2015,3,M,69,112,1
2015,3,M,69,124,0
2015,3,M,70,4,2
2015,3,M,70,19,0
2015,3,M,70,51,1
2015,3,M,70,52,4
2015,3,M,70,76,0
2015,3,M,70,82,3
2015,3,M,70,93,2
2015,3,M,70,97,1
2015,3,M,70,112,2
2015,3,M,70,124,7
2015,3,M,71,4,30
2015,3,M,71,19,13
2015,3,M,71,51,64
2015,3,M,71,52,52
2015,3,M,71,76,49
2015,3,M,71,82,36
2015,3,M,71,93,23
2015,3,M,71,97,18
2015,3,M,71,112,0
2015,3,M,71,124,2
2015,3,M,72,4,7
2015,3,M,72,19,2
2015,3,M,72,51,6
2015,3,M,72,52,6
2015,3,M,72,76,4
2015,3,M,72,82,4
2015,3,M,72,93,34
2015,3,M,72,97,30
2015,3,M,72,112,61
2015,3,M,72,124,72
2015,3,M,73,4,43
2015,3,M,73,19,80
2015,3,M,73,51,0
2015,3,M,73,52,2
2015,3,M,73,76,1
2015,3,M,73,82,0
2015,3,M,73,93,0
2015,3,M,73,97,2
2015,3,M,73,112,2
2015,3,M,73,124,0
2015,3,M,74,4,0
2015,3,M,74,19,0
2015,3,M,74,51,0
2015,3,M,74,52,0
2015,3,M,74,76,0
2015,3,M,74,82,1
2015,3,M,74,93,0
2015,3,M,74,97,1
2015,3,M,74,112,2
2015,3,M,74,124,2
2015,3,M,75,4,0
2015,3,M,75,19,1
2015,3,M,75,51,0
2015,3,M,75,52,0
2015,3,M,75,76,0
2015,3,M,75,82,0
2015,3,M,75,93,0
2015,3,M,75,97,0
2015,3,M,75,112,0
2015,3,M,75,124,0
2015,3,M,76,4,0
2015,3,M,76,19,0
2015,3,M,76,51,0
2015,3,M,76,52,0
2015,3,M,76,76,0
2015,3,M,76,82,0
2015,3,M,76,93,0
2015,3,M,76,97,0
2015,3,M,76,112,0
2015,3,M,76,124,0
2015,3,M,77,4,0
2015,3,M,77,19,1
2015,3,M,77,51,2
2015,3,M,77,52,2
2015,3,M,77,76,2
2015,3,M,77,82,1
2015,3,M,77,93,0
2015,3,M,77,97,2
2015,3,M,77,112,1
2015,3,M,77,124,1
2015,3,M,78,4,3
2015,3,M,78,19,19
2015,3,M,78,51,21
2015,3,M,78,52,37
2015,3,M,78,76,13
2015,3,M,78,82,27
2015,3,M,78,93,22
2015,3,M,78,97,18
2015,3,M,78,112,20
2015,3,M,78,124,354
2015,3,M,79,4,214
2015,3,M,79,19,3939
2015,3,M,79,51,180
2015,3,M,79,52,206
2015,3,M,79,76,225
2015,3,M,79,82,229
2015,3,M,79,93,347
2015,3,M,79,97,1193
2015,3,M,79,112,53
2015,3,M,79,124,36
2015,3,M,80,4,72
2015,3,M,80,19,75
2015,3,M,80,51,75
2015,3,M,80,52,87
2015,3,M,80,76,12
2015,3,M,80,82,16
2015,3,M,80,93,5
2015,3,M,80,97,4
2015,3,M,80,112,11
2015,3,M,80,124,99
2015,3,M,81,4,19
2015,3,M,81,19,4
2015,3,M,81,51,2
2015,3,M,81,52,1
2015,3,M,81,76,0
2015,3,M,81,82,2
2015,3,M,81,93,0
2015,3,M,81,97,5
2015,3,M,81,112,2
2015,3,M,81,124,3
2015,3,M,82,4,0
2015,3,M,82,19,0
2015,3,M,82,51,0
2015,3,M,82,52,0
2015,3,M,82,76,0
2015,3,M,82,82,0
2015,3,M,82,93,1
2015,3,M,82,97,0
2015,3,M,82,112,4
2015,3,M,82,124,2
2015,3,M,83,4,0
2015,3,M,83,19,0
2015,3,M,83,51,0
2015,3,M,83,52,0
2015,3,M,83,76,0
2015,3,M,83,82,0
2015,3,M,83,93,0
2015,3,M,83,97,0
2015,3,M,83,112,0
2015,3,M,83,124,0
2015,3,M,84,4,0
2015,3,M,84,19,0
2015,3,M,84,51,0
2015,3,M,84,52,2
2015,3,M,84,76,5
2015,3,M,84,82,0
2015,3,M,84,93,0
2015,3,M,84,97,3
2015,3,M,84,112,4
2015,3,M,84,124,1
2015,3,M,85,4,1
2015,3,M,85,19,6
2015,3,M,85,51,12
2015,3,M,85,52,8
2015,3,M,85,76,6
2015,3,M,85,82,13
2015,3,M,85,93,3
2015,3,M,85,97,1
2015,3,M,85,112,5
2015,3,M,85,124,9
2015,4,F,65,4,0
2015,4,F,65,19,0
2015,4,F,65,51,0
2015,4,F,65,52,0
2015,4,F,65,76,0
2015,4,F,65,82,0
2015,4,F,65,93,0
2015,4,F,65,97,0
2015,4,F,65,112,0
2015,4,F,65,124,0
2015,4,F,66,4,0
2015,4,F,66,19,0
2015,4,F,66,51,0
2015,4,F,66,52,0
2015,4,F,66,76,0
2015,4,F,66,82,0
2015,4,F,66,93,12
2015,4,F,66,97,7
2015,4,F,66,112,12
2015,4,F,66,124,18
2015,4,F,67,4,7
2015,4,F,67,19,8
2015,4,F,67,51,4
2015,4,F,67,52,0
2015,4,F,67,76,0
2015,4,F,67,82,0
2015,4,F,67,93,0
2015,4,F,67,97,0
2015,4,F,67,112,0
2015,4,F,67,124,1
2015,4,F,68,4,1
2015,4,F,68,19,0
2015,4,F,68,51,0
2015,4,F,68,52,0
2015,4,F,68,76,0
2015,4,F,68,82,0
2015,4,F,68,93,0
2015,4,F,68,97,0
2015,4,F,68,112,0
2015,4,F,68,124,0
2015,4,F,69,4,0
2015,4,F,69,19,0
2015,4,F,69,51,0
2015,4,F,69,52,0
2015,4,F,69,76,0
2015,4,F,69,82,0
2015,4,F,69,93,0
2015,4,F,69,97,0
2015,4,F,69,112,0
2015,4,F,69,124,0
2015,4,F,70,4,0
2015,4,F,70,19,0
2015,4,F,70,51,0
2015,4,F,70,52,0
2015,4,F,70,76,0
2015,4,F,70,82,0
2015,4,F,70,93,31
2015,4,F,70,97,34
2015,4,F,70,112,58
2015,4,F,70,124,39
2015,4,F,71,4,21
2015,4,F,71,19,53
2015,4,F,71,51,0
2015,4,F,71,52,0
2015,4,F,71,76,0
2015,4,F,71,82,1
2015,4,F,71,93,0
2015,4,F,71,97,0
2015,4,F,71,112,0
2015,4,F,71,124,0
2015,4,F,72,4,0
2015,4,F,72,19,0
2015,4,F,72,51,0
2015,4,F,72,52,0
2015,4,F,72,76,0
2015,4,F,72,82,0
2015,4,F,72,93,0
2015,4,F,72,97,0
2015,4,F,72,112,0
2015,4,F,72,124,0
2015,4,F,73,4,0
2015,4,F,73,19,0
2015,4,F,73,51,0
2015,4,F,73,52,0
2015,4,F,73,76,0
2015,4,F,73,82,0
2015,4,F,73,93,0
2015,4,F,73,97,0
2015,4,F,73,112,2
2015,4,F,73,124,4
2015,4,F,74,4,3
2015,4,F,74,19,5
2015,4,F,74,51,1
2015,4,F,74,52,4
2015,4,F,74,76,2
2015,4,F,74,82,0
2015,4,F,74,93,0
2015,4,F,74,97,0
2015,4,F,74,112,0
2015,4,F,74,124,1
2015,4,F,75,4,3
2015,4,F,75,19,2
2015,4,F,75,51,0
2015,4,F,75,52,0
2015,4,F,75,76,0
2015,4,F,75,82,0
2015,4,F,75,93,0
2015,4,F,75,97,0
2015,4,F,75,112,0
2015,4,F,75,124,0
2015,4,F,76,4,0
2015,4,F,76,19,8
2015,4,F,76,51,6
2015,4,F,76,52,6
2015,4,F,76,76,4
2015,4,F,76,82,59
2015,4,F,76,93,10
2015,4,F,76,97,8
2015,4,F,76,112,4
2015,4,F,76,124,4
2015,4,F,77,4,631
2015,4,F,77,19,711
2015,4,F,77,51,751
2015,4,F,77,52,690
2015,4,F,77,76,749
2015,4,F,77,82,691
2015,4,F,77,93,638
2015,4,F,77,97,18
2015,4,F,77,112,13
2015,4,F,77,124,11
2015,4,F,78,4,23
2015,4,F,78,19,15
2015,4,F,78,51,20
2015,4,F,78,52,26
2015,4,F,78,76,7
2015,4,F,78,82,1
2015,4,F,78,93,2
2015,4,F,78,97,7
2015,4,F,78,112,12
2015,4,F,78,124,5
2015,4,F,79,4,3
2015,4,F,79,19,799
2015,4,F,79,51,80
2015,4,F,79,52,63
2015,4,F,79,76,79
2015,4,F,79,82,84
2015,4,F,79,93,75
2015,4,F,79,97,560
2015,4,F,79,112,79
2015,4,F,79,124,112
2015,4,F,80,4,10
2015,4,F,80,19,6
2015,4,F,80,51,10
2015,4,F,80,52,7
2015,4,F,80,76,68
2015,4,F,80,82,4
2015,4,F,80,93,5
2015,4,F,80,97,3
2015,4,F,80,112,0
2015,4,F,80,124,0
2015,4,F,81,4,0
2015,4,F,81,19,0
2015,4,F,81,51,0
2015,4,F,81,52,2
2015,4,F,81,76,0
2015,4,F,81,82,1
2015,4,F,81,93,29
2015,4,F,81,97,1
2015,4,F,81,112,22
2015,4,F,81,124,15
2015,4,F,82,4,526
2015,4,F,82,19,51
2015,4,F,82,51,74
2015,4,F,82,52,69
2015,4,F,82,76,9
2015,4,F,82,82,18
2015,4,F,82,93,53
2015,4,F,82,97,73
2015,4,F,82,112,1542
2015,4,F,82,124,9
2015,4,F,83,4,49
2015,4,F,83,19,355
2015,4,F,83,51,535
2015,4,F,83,52,534
2015,4,F,83,76,581
2015,4,F,83,82,639
2015,4,F,83,93,10309
2015,4,F,83,97,687
2015,4,F,83,112,734
2015,4,F,83,124,727
2015,4,F,84,4,3
2015,4,F,84,19,1
2015,4,F,84,51,5
2015,4,F,84,52,4
2015,4,F,84,76,2
2015,4,F,84,82,4
2015,4,F,84,93,2
2015,4,F,84,97,4
2015,4,F,84,112,32
2015,4,F,84,124,29
2015,4,F,85,4,48
2015,4,F,85,19,38
2015,4,F,85,51,53
2015,4,F,85,52,46
2015,4,F,85,76,58
2015,4,F,85,82,68
2015,4,F,85,93,0
2015,4,F,85,97,0
2015,4,F,85,112,1
2015,4,F,85,124,0
2015,4,M,65,4,0
2015,4,M,65,19,0
2015,4,M,65,51,241
2015,4,M,65,52,2391
2015,4,M,65,76,153
2015,4,M,65,82,149
2015,4,M,65,93,199
2015,4,M,65,97,229
2015,4,M,65,112,140
2015,4,M,65,124,149
2015,4,M,66,4,194
2015,4,M,66,19,0
2015,4,M,66,51,0
2015,4,M,66,52,0
2015,4,M,66,76,0
2015,4,M,66,82,0
2015,4,M,66,93,2
2015,4,M,66,97,1
2015,4,M,66,112,5
2015,4,M,66,124,4
2015,4,M,67,4,6
2015,4,M,67,19,19
2015,4,M,67,51,417
2015,4,M,67,52,9
2015,4,M,67,76,16
2015,4,M,67,82,11
2015,4,M,67,93,22
2015,4,M,67,97,29
2015,4,M,67,112,29
2015,4,M,67,124,31
2015,4,M,68,4,47
2015,4,M,68,19,31
2015,4,M,68,51,41
2015,4,M,68,52,46
2015,4,M,68,76,44
2015,4,M,68,82,57
2015,4,M,68,93,4
2015,4,M,68,97,1
2015,4,M,68,112,4
2015,4,M,68,124,4
2015,4,M,69,4,5
2015,4,M,69,19,3
2015,4,M,69,51,0
2015,4,M,69,52,0
2015,4,M,69,76,0
2015,4,M,69,82,0
2015,4,M,69,93,0
2015,4,M,69,97,0
2015,4,M,69,112,0
2015,4,M,69,124,1
2015,4,M,70,4,2
2015,4,M,70,19,3
2015,4,M,70,51,4
2015,4,M,70,52,1
2015,4,M,70,76,4
2015,4,M,70,82,3
2015,4,M,70,93,0
2015,4,M,70,97,0
2015,4,M,70,112,2
2015,4,M,70,124,1
2015,4,M,71,4,14
2015,4,M,71,19,16
2015,4,M,71,51,53
2015,4,M,71,52,64
2015,4,M,71,76,38
2015,4,M,71,82,34
2015,4,M,71,93,21
2015,4,M,71,97,12
2015,4,M,71,112,3
2015,4,M,71,124,4
2015,4,M,72,4,5
2015,4,M,72,19,6
2015,4,M,72,51,3
2015,4,M,72,52,3
2015,4,M,72,76,6
2015,4,M,72,82,1
2015,4,M,72,93,34
2015,4,M,72,97,37
2015,4,M,72,112,56
2015,4,M,72,124,65
2015,4,M,73,4,38
2015,4,M,73,19,66
2015,4,M,73,51,0
2015,4,M,73,52,1
2015,4,M,73,76,2
2015,4,M,73,82,2
2015,4,M,73,93,2
2015,4,M,73,97,3
2015,4,M,73,112,0
2015,4,M,73,124,0
2015,4,M,74,4,1
2015,4,M,74,19,0
2015,4,M,74,51,0
2015,4,M,74,52,0
2015,4,M,74,76,0
2015,4,M,74,82,0
2015,4,M,74,93,0
2015,4,M,74,97,1
2015,4,M,74,112,0
2015,4,M,74,124,3
2015,4,M,75,4,0
2015,4,M,75,19,1
2015,4,M,75,51,0
2015,4,M,75,52,0
2015,4,M,75,76,0
2015,4,M,75,82,0
2015,4,M,75,93,0
2015,4,M,75,97,0
2015,4,M,75,112,0
2015,4,M,75,124,0
2015,4,M,76,4,0
2015,4,M,76,19,0
2015,4,M,76,51,0
2015,4,M,76,52,0
2015,4,M,76,76,0
2015,4,M,76,82,0
2015,4,M,76,93,0
2015,4,M,76,97,0
2015,4,M,76,112,0
2015,4,M,76,124,0
2015,4,M,77,4,0
2015,4,M,77,19,3
2015,4,M,77,51,3
2015,4,M,77,52,1
2015,4,M,77,76,3
2015,4,M,77,82,1
2015,4,M,77,93,0
2015,4,M,77,97,0
2015,4,M,77,112,4
2015,4,M,77,124,1
2015,4,M,78,4,2
2015,4,M,78,19,18
2015,4,M,78,51,26
2015,4,M,78,52,29
2015,4,M,78,76,15
2015,4,M,78,82,12
2015,4,M,78,93,22
2015,4,M,78,97,18
2015,4,M,78,112,27
2015,4,M,78,124,325
2015,4,M,79,4,192
2015,4,M,79,19,3440
2015,4,M,79,51,180
2015,4,M,79,52,195
2015,4,M,79,76,189
2015,4,M,79,82,215
2015,4,M,79,93,334
2015,4,M,79,97,1036
2015,4,M,79,112,32
2015,4,M,79,124,37
2015,4,M,80,4,90
2015,4,M,80,19,68
2015,4,M,80,51,53
2015,4,M,80,52,69
2015,4,M,80,76,15
2015,4,M,80,82,12
2015,4,M,80,93,5
2015,4,M,80,97,6
2015,4,M,80,112,18
2015,4,M,80,124,95
2015,4,M,81,4,15
2015,4,M,81,19,0
2015,4,M,81,51,1
2015,4,M,81,52,1
2015,4,M,81,76,1
2015,4,M,81,82,2
2015,4,M,81,93,1
2015,4,M,81,97,1
2015,4,M,81,112,2
2015,4,M,81,124,1
2015,4,M,82,4,0
2015,4,M,82,19,0
2015,4,M,82,51,0
2015,4,M,82,52,0
2015,4,M,82,76,0
2015,4,M,82,82,0
2015,4,M,82,93,0
2015,4,M,82,97,1
2015,4,M,82,112,3
2015,4,M,82,124,3
2015,4,M,83,4,2
2015,4,M,83,19,3
2015,4,M,83,51,1
2015,4,M,83,52,0
2015,4,M,83,76,0
2015,4,M,83,82,0
2015,4,M,83,93,0
2015,4,M,83,97,0
2015,4,M,83,112,0
2015,4,M,83,124,0
2015,4,M,84,4,0
2015,4,M,84,19,0
2015,4,M,84,51,0
2015,4,M,84,52,2
2015,4,M,84,76,6
2015,4,M,84,82,0
2015,4,M,84,93,0
2015,4,M,84,97,5
2015,4,M,84,112,1
2015,4,M,84,124,2
2015,4,M,85,4,6
2015,4,M,85,19,6
2015,4,M,85,51,13
2015,4,M,85,52,6
2015,4,M,85,76,9
2015,4,M,85,82,13
2015,4,M,85,93,0
2015,4,M,85,97,5
2015,4,M,85,112,6
2015,4,M,85,124,12
2015,5,F,65,4,0
2015,5,F,65,19,0
2015,5,F,65,51,0
2015,5,F,65,52,0
2015,5,F,65,76,1
2015,5,F,65,82,0
2015,5,F,65,93,1
2015,5,F,65,97,0
2015,5,F,65,112,0
2015,5,F,65,124,0
2015,5,F,66,4,0
2015,5,F,66,19,0
2015,5,F,66,51,0
2015,5,F,66,52,0
2015,5,F,66,76,0
2015,5,F,66,82,0
2015,5,F,66,93,7
2015,5,F,66,97,4
2015,5,F,66,112,8
2015,5,F,66,124,6
2015,5,F,67,4,6
2015,5,F,67,19,10
2015,5,F,67,51,7
2015,5,F,67,52,0
2015,5,F,67,76,0
2015,5,F,67,82,1
2015,5,F,67,93,0
2015,5,F,67,97,0
2015,5,F,67,112,0
2015,5,F,67,124,0
2015,5,F,68,4,0
2015,5,F,68,19,0
2015,5,F,68,51,0
2015,5,F,68,52,0
2015,5,F,68,76,0
2015,5,F,68,82,0
2015,5,F,68,93,0
2015,5,F,68,97,0
2015,5,F,68,112,0
2015,5,F,68,124,0
2015,5,F,69,4,0
2015,5,F,69,19,0
2015,5,F,69,51,0
2015,5,F,69,52,0
2015,5,F,69,76,0
2015,5,F,69,82,0
2015,5,F,69,93,0
2015,5,F,69,97,0
2015,5,F,69,112,0
2015,5,F,69,124,0
2015,5,F,70,4,0
2015,5,F,70,19,0
2015,5,F,70,51,0
2015,5,F,70,52,0
2015,5,F,70,76,0
2015,5,F,70,82,0
2015,5,F,70,93,35
2015,5,F,70,97,33
2015,5,F,70,112,46
2015,5,F,70,124,39
2015,5,F,71,4,34
2015,5,F,71,19,36
2015,5,F,71,51,0
2015,5,F,71,52,0
2015,5,F,71,76,0
2015,5,F,71,82,0
2015,5,F,71,93,0
2015,5,F,71,97,0
2015,5,F,71,112,0
2015,5,F,71,124,0
2015,5,F,72,4,0
2015,5,F,72,19,0
2015,5,F,72,51,0
2015,5,F,72,52,0
2015,5,F,72,76,0
2015,5,F,72,82,0
2015,5,F,72,93,0
2015,5,F,72,97,0
2015,5,F,72,112,0
2015,5,F,72,124,0
2015,5,F,73,4,0
2015,5,F,73,19,0
2015,5,F,73,51,0
2015,5,F,73,52,0
2015,5,F,73,76,0
2015,5,F,73,82,0
2015,5,F,73,93,0
2015,5,F,73,97,0
2015,5,F,73,112,3
2015,5,F,73,124,2
2015,5,F,74,4,3
2015,5,F,74,19,3
2015,5,F,74,51,1
2015,5,F,74,52,0
2015,5,F,74,76,3
2015,5,F,74,82,0
2015,5,F,74,93,0
2015,5,F,74,97,1
2015,5,F,74,112,0
2015,5,F,74,124,0
2015,5,F,75,4,8
2015,5,F,75,19,0
2015,5,F,75,51,0
2015,5,F,75,52,0
2015,5,F,75,76,0
2015,5,F,75,82,0
2015,5,F,75,93,0
2015,5,F,75,97,0
2015,5,F,75,112,0
2015,5,F,75,124,0
2015,5,F,76,4,0
2015,5,F,76,19,3
2015,5,F,76,51,8
2015,5,F,76,52,7
2015,5,F,76,76,7
2015,5,F,76,82,41
2015,5,F,76,93,3
2015,5,F,76,97,7
2015,5,F,76,112,7
2015,5,F,76,124,11
2015,5,F,77,4,658
2015,5,F,77,19,694
2015,5,F,77,51,670
2015,5,F,77,52,710
2015,5,F,77,76,777
2015,5,F,77,82,751
2015,5,F,77,93,667
2015,5,F,77,97,14
2015,5,F,77,112,9
2015,5,F,77,124,17
2015,5,F,78,4,25
2015,5,F,78,19,17
2015,5,F,78,51,28
2015,5,F,78,52,26
2015,5,F,78,76,3
2015,5,F,78,82,6
2015,5,F,78,93,2
2015,5,F,78,97,2
2015,5,F,78,112,12
2015,5,F,78,124,4
2015,5,F,79,4,3
2015,5,F,79,19,817
2015,5,F,79,51,61
2015,5,F,79,52,68
2015,5,F,79,76,62
2015,5,F,79,82,59
2015,5,F,79,93,75
2015,5,F,79,97,566
2015,5,F,79,112,93
2015,5,F,79,124,94
2015,5,F,80,4,4
2015,5,F,80,19,4
2015,5,F,80,51,9
2015,5,F,80,52,8
2015,5,F,80,76,60
2015,5,F,80,82,3
2015,5,F,80,93,3
2015,5,F,80,97,1
2015,5,F,80,112,0
2015,5,F,80,124,2
2015,5,F,81,4,0
2015,5,F,81,19,1
2015,5,F,81,51,0
2015,5,F,81,52,1
2015,5,F,81,76,1
2015,5,F,81,82,0
2015,5,F,81,93,34
2015,5,F,81,97,3
2015,5,F,81,112,10
2015,5,F,81,124,20
2015,5,F,82,4,535
2015,5,F,82,19,49
2015,5,F,82,51,76
2015,5,F,82,52,58
2015,5,F,82,76,7
2015,5,F,82,82,10
2015,5,F,82,93,68
2015,5,F,82,97,96
2015,5,F,82,112,1482
2015,5,F,82,124,11
2015,5,F,83,4,45
2015,5,F,83,19,377
2015,5,F,83,51,523
2015,5,F,83,52,522
2015,5,F,83,76,574
2015,5,F,83,82,673
2015,5,F,83,93,10158
2015,5,F,83,97,620
2015,5,F,83,112,757
2015,5,F,83,124,775
2015,5,F,84,4,0
2015,5,F,84,19,3
2015,5,F,84,51,7
2015,5,F,84,52,0
2015,5,F,84,76,4
2015,5,F,84,82,3
2015,5,F,84,93,5
2015,5,F,84,97,1
2015,5,F,84,112,15
2015,5,F,84,124,19
2015,5,F,85,4,36
2015,5,F,85,19,28
2015,5,F,85,51,26
2015,5,F,85,52,33
2015,5,F,85,76,46
2015,5,F,85,82,54
2015,5,F,85,93,0
2015,5,F,85,97,0
2015,5,F,85,112,0
2015,5,F,85,124,1
2015,5,M,65,4,0
2015,5,M,65,19,0
2015,5,M,65,51,221
2015,5,M,65,52,2207
2015,5,M,65,76,141
2015,5,M,65,82,150
2015,5,M,65,93,205
2015,5,M,65,97,210
2015,5,M,65,112,143
2015,5,M,65,124,166
2015,5,M,66,4,194
2015,5,M,66,19,0
2015,5,M,66,51,0
2015,5,M,66,52,0
2015,5,M,66,76,0
2015,5,M,66,82,0
2015,5,M,66,93,1
2015,5,M,66,97,1
2015,5,M,66,112,0
2015,5,M,66,124,0
2015,5,M,67,4,10
2015,5,M,67,19,16
2015,5,M,67,51,371
2015,5,M,67,52,10
2015,5,M,67,76,19
2015,5,M,67,82,9
2015,5,M,67,93,29
2015,5,M,67,97,27
2015,5,M,67,112,29
2015,5,M,67,124,28
2015,5,M,68,4,45
2015,5,M,68,19,32
2015,5,M,68,51,39
2015,5,M,68,52,50
2015,5,M,68,76,65
2015,5,M,68,82,64
2015,5,M,68,93,4
2015,5,M,68,97,1
2015,5,M,68,112,1
2015,5,M,68,124,5
2015,5,M,69,4,5
2015,5,M,69,19,4
2015,5,M,69,51,0
2015,5,M,69,52,0
2015,5,M,69,76,0
2015,5,M,69,82,0
2015,5,M,69,93,1
2015,5,M,69,97,0
2015,5,M,69,112,0
2015,5,M,69,124,0
2015,5,M,70,4,0
2015,5,M,70,19,6
2015,5,M,70,51,0
2015,5,M,70,52,0
2015,5,M,70,76,4
2015,5,M,70,82,1
2015,5,M,70,93,1
2015,5,M,70,97,1
2015,5,M,70,112,1
2015,5,M,70,124,2
2015,5,M,71,4,22
2015,5,M,71,19,16
2015,5,M,71,51,64
2015,5,M,71,52,51
2015,5,M,71,76,28
2015,5,M,71,82,43
2015,5,M,71,93,21
2015,5,M,71,97,19
2015,5,M,71,112,1
2015,5,M,71,124,2
2015,5,M,72,4,3
2015,5,M,72,19,3
2015,5,M,72,51,4
2015,5,M,72,52,2
2015,5,M,72,76,8
2015,5,M,72,82,7
2015,5,M,72,93,32
2015,5,M,72,97,41
2015,5,M,72,112,63
2015,5,M,72,124,67
2015,5,M,73,4,39
2015,5,M,73,19,63
2015,5,M,73,51,1
2015,5,M,73,52,2
2015,5,M,73,76,1
2015,5,M,73,82,1
2015,5,M,73,93,2
2015,5,M,73,97,0
2015,5,M,73,112,0
2015,5,M,73,124,0
2015,5,M,74,4,0
2015,5,M,74,19,0
2015,5,M,74,51,0
2015,5,M,74,52,0
2015,5,M,74,76,0
2015,5,M,74,82,1
2015,5,M,74,93,1
2015,5,M,74,97,0
2015,5,M,74,112,0
2015,5,M,74,124,1
2015,5,M,75,4,0
2015,5,M,75,19,0
2015,5,M,75,51,0
2015,5,M,75,52,0
2015,5,M,75,76,0
2015,5,M,75,82,0
2015,5,M,75,93,0
2015,5,M,75,97,0
2015,5,M,75,112,0
2015,5,M,75,124,0
2015,5,M,76,4,0
2015,5,M,76,19,0
2015,5,M,76,51,0
2015,5,M,76,52,0
2015,5,M,76,76,0
2015,5,M,76,82,0
2015,5,M,76,93,0
2015,5,M,76,97,0
2015,5,M,76,112,0
2015,5,M,76,124,0
2015,5,M,77,4,0
2015,5,M,77,19,1
2015,5,M,77,51,1
2015,5,M,77,52,1
2015,5,M,77,76,2
2015,5,M,77,82,1
2015,5,M,77,93,2
2015,5,M,77,97,0
2015,5,M,77,112,1
2015,5,M,77,124,2
2015,5,M,78,4,2
2015,5,M,78,19,16
2015,5,M,78,51,32
2015,5,M,78,52,30
2015,5,M,78,76,16
2015,5,M,78,82,19
2015,5,M,78,93,17
2015,5,M,78,97,14
2015,5,M,78,112,19
2015,5,M,78,124,305
2015,5,M,79,4,188
2015,5,M,79,19,3411
2015,5,M,79,51,186
2015,5,M,79,52,187
2015,5,M,79,76,210
2015,5,M,79,82,196
2015,5,M,79,93,291
2015,5,M,79,97,1174
2015,5,M,79,112,42
2015,5,M,79,124,42
2015,5,M,80,4,68
2015,5,M,80,19,58
2015,5,M,80,51,73
2015,5,M,80,52,72
2015,5,M,80,76,8
2015,5,M,80,82,5
2015,5,M,80,93,6
2015,5,M,80,97,6
2015,5,M,80,112,20
2015,5,M,80,124,90
2015,5,M,81,4,23
2015,5,M,81,19,0
2015,5,M,81,51,0
2015,5,M,81,52,3
2015,5,M,81,76,0
2015,5,M,81,82,0
2015,5,M,81,93,1
2015,5,M,81,97,3
2015,5,M,81,112,3
2015,5,M,81,124,0
2015,5,M,82,4,0
2015,5,M,82,19,0
2015,5,M,82,51,0
2015,5,M,82,52,0
2015,5,M,82,76,0
2015,5,M,82,82,1
2015,5,M,82,93,0
2015,5,M,82,97,0
2015,5,M,82,112,5
2015,5,M,82,124,3
2015,5,M,83,4,1
2015,5,M,83,19,3
2015,5,M,83,51,1
2015,5,M,83,52,1
2015,5,M,83,76,1
2015,5,M,83,82,2
2015,5,M,83,93,0
2015,5,M,83,97,0
2015,5,M,83,112,0
2015,5,M,83,124,0
2015,5,M,84,4,0
2015,5,M,84,19,0
2015,5,M,84,51,0
2015,5,M,84,52,2
2015,5,M,84,76,4
2015,5,M,84,82,2
2015,5,M,84,93,4
2015,5,M,84,97,2
2015,5,M,84,112,2
2015,5,M,84,124,0
2015,5,M,85,4,4
2015,5,M,85,19,8
2015,5,M,85,51,8
2015,5,M,85,52,11
2015,5,M,85,76,7
2015,5,M,85,82,10
2015,5,M,85,93,5
2015,5,M,85,97,4
2015,5,M,85,112,7
2015,5,M,85,124,9
2015,6,F,65,4,0
2015,6,F,65,19,0
2015,6,F,65,51,0
2015,6,F,65,52,1
2015,6,F,65,76,0
2015,6,F,65,82,0
2015,6,F,65,93,0
2015,6,F,65,97,0
2015,6,F,65,112,0
2015,6,F,65,124,0
2015,6,F,66,4,0
2015,6,F,66,19,0
2015,6,F,66,51,0
2015,6,F,66,52,0
2015,6,F,66,76,0
2015,6,F,66,82,0
2015,6,F,66,93,11
2015,6,F,66,97,11
2015,6,F,66,112,11
2015,6,F,66,124,13
2015,6,F,67,4,4
2015,6,F,67,19,13
2015,6,F,67,51,4
2015,6,F,67,52,1
2015,6,F,67,76,2
2015,6,F,67,82,0
2015,6,F,67,93,0
2015,6,F,67,97,0
2015,6,F,67,112,0
2015,6,F,67,124,0
2015,6,F,68,4,0
2015,6,F,68,19,0
2015,6,F,68,51,0
2015,6,F,68,52,0
2015,6,F,68,76,0
2015,6,F,68,82,0
2015,6,F,68,93,0
2015,6,F,68,97,0
2015,6,F,68,112,0
2015,6,F,68,124,0
2015,6,F,69,4,0
2015,6,F,69,19,0
2015,6,F,69,51,0
2015,6,F,69,52,0
2015,6,F,69,76,0
2015,6,F,69,82,0
2015,6,F,69,93,0
2015,6,F,69,97,0
2015,6,F,69,112,0
2015,6,F,69,124,0
2015,6,F,70,4,0
2015,6,F,70,19,0
2015,6,F,70,51,0
2015,6,F,70,52,0
2015,6,F,70,76,0
2015,6,F,70,82,0
2015,6,F,70,93,45
2015,6,F,70,97,34
2015,6,F,70,112,44
2015,6,F,70,124,47
2015,6,F,71,4,33
2015,6,F,71,19,41
2015,6,F,71,51,0
2015,6,F,71,52,0
2015,6,F,71,76,0
2015,6,F,71,82,0
2015,6,F,71,93,0
2015,6,F,71,97,0
2015,6,F,71,112,0
2015,6,F,71,124,0
2015,6,F,72,4,1
2015,6,F,72,19,0
2015,6,F,72,51,0
2015,6,F,72,52,0
2015,6,F,72,76,0
2015,6,F,72,82,0
2015,6,F,72,93,0
2015,6,F,72,97,0
2015,6,F,72,112,0
2015,6,F,72,124,0
2015,6,F,73,4,0
2015,6,F,73,19,0
2015,6,F,73,51,0
2015,6,F,73,52,0
2015,6,F,73,76,0
2015,6,F,73,82,0
2015,6,F,73,93,0
2015,6,F,73,97,0
2015,6,F,73,112,4
2015,6,F,73,124,2
2015,6,F,74,4,0
2015,6,F,74,19,5
2015,6,F,74,51,4
2015,6,F,74,52,1
2015,6,F,74,76,0
2015,6,F,74,82,0
2015,6,F,74,93,0
2015,6,F,74,97,0
2015,6,F,74,112,0
2015,6,F,74,124,0
2015,6,F,75,4,4
2015,6,F,75,19,1
2015,6,F,75,51,0
2015,6,F,75,52,0
2015,6,F,75,76,0
2015,6,F,75,82,0
2015,6,F,75,93,0
2015,6,F,75,97,0
2015,6,F,75,112,0
2015,6,F,75,124,0
2015,6,F,76,4,0
2015,6,F,76,19,4
2015,6,F,76,51,9
2015,6,F,76,52,2
2015,6,F,76,76,5
2015,6,F,76,82,47
2015,6,F,76,93,5
2015,6,F,76,97,4
2015,6,F,76,112,4
2015,6,F,76,124,4
2015,6,F,77,4,660
2015,6,F,77,19,626
2015,6,F,77,51,614
2015,6,F,77,52,708
2015,6,F,77,76,707
2015,6,F,77,82,707
2015,6,F,77,93,628
2015,6,F,77,97,14
2015,6,F,77,112,13
2015,6,F,77,124,14
2015,6,F,78,4,27
2015,6,F,78,19,9
2015,6,F,78,51,13
2015,6,F,78,52,25
2015,6,F,78,76,8
2015,6,F,78,82,3
2015,6,F,78,93,2
2015,6,F,78,97,3
2015,6,F,78,112,6
2015,6,F,78,124,7
2015,6,F,79,4,6
2015,6,F,79,19,726
2015,6,F,79,51,51
2015,6,F,79,52,85
2015,6,F,79,76,59
2015,6,F,79,82,71
2015,6,F,79,93,85
2015,6,F,79,97,495
2015,6,F,79,112,80
2015,6,F,79,124,91
2015,6,F,80,4,5
2015,6,F,80,19,4
2015,6,F,80,51,12
2015,6,F,80,52,16
2015,6,F,80,76,73
2015,6,F,80,82,2
2015,6,F,80,93,2
2015,6,F,80,97,2
2015,6,F,80,112,1
2015,6,F,80,124,1
2015,6,F,81,4,1
2015,6,F,81,19,0
2015,6,F,81,51,0
2015,6,F,81,52,0
2015,6,F,81,76,0
2015,6,F,81,82,0
2015,6,F,81,93,19
2015,6,F,81,97,2
2015,6,F,81,112,17
2015,6,F,81,124,17
2015,6,F,82,4,512
2015,6,F,82,19,42
2015,6,F,82,51,68
2015,6,F,82,52,70
2015,6,F,82,76,9
2015,6,F,82,82,20
2015,6,F,82,93,40
2015,6,F,82,97,81
2015,6,F,82,112,1456
2015,6,F,82,124,10
2015,6,F,83,4,37
2015,6,F,83,19,343
2015,6,F,83,51,475
2015,6,F,83,52,488
2015,6,F,83,76,559
2015,6,F,83,82,607
2015,6,F,83,93,9479
2015,6,F,83,97,635
2015,6,F,83,112,729
2015,6,F,83,124,713
2015,6,F,84,4,5
2015,6,F,84,19,4
2015,6,F,84,51,3
2015,6,F,84,52,5
2015,6,F,84,76,4
2015,6,F,84,82,2
2015,6,F,84,93,2
2015,6,F,84,97,2
2015,6,F,84,112,22
2015,6,F,84,124,23
2015,6,F,85,4,26
2015,6,F,85,19,29
2015,6,F,85,51,31
2015,6,F,85,52,45
2015,6,F,85,76,36
2015,6,F,85,82,52
2015,6,F,85,93,0
2015,6,F,85,97,0
2015,6,F,85,112,0
2015,6,F,85,124,0
2015,6,M,65,4,0
2015,6,M,65,19,0
2015,6,M,65,51,211
2015,6,M,65,52,2022
2015,6,M,65,76,127
2015,6,M,65,82,121
2015,6,M,65,93,189
2015,6,M,65,97,199
2015,6,M,65,112,118
2015,6,M,65,124,135
2015,6,M,66,4,196
2015,6,M,66,19,0
2015,6,M,66,51,0
2015,6,M,66,52,0
2015,6,M,66,76,0
2015,6,M,66,82,0
2015,6,M,66,93,3
2015,6,M,66,97,2
2015,6,M,66,112,3
2015,6,M,66,124,0
2015,6,M,67,4,3
2015,6,M,67,19,17
2015,6,M,67,51,396
2015,6,M,67,52,5
2015,6,M,67,76,15
2015,6,M,67,82,8
2015,6,M,67,93,15
2015,6,M,67,97,23
2015,6,M,67,112,33
2015,6,M,67,124,31
2015,6,M,68,4,38
2015,6,M,68,19,30
2015,6,M,68,51,39
2015,6,M,68,52,37
2015,6,M,68,76,50
2015,6,M,68,82,36
2015,6,M,68,93,6
2015,6,M,68,97,1
2015,6,M,68,112,3
2015,6,M,68,124,1
2015,6,M,69,4,5
2015,6,M,69,19,2
2015,6,M,69,51,0
2015,6,M,69,52,0
2015,6,M,69,76,2
2015,6,M,69,82,0
2015,6,M,69,93,0
2015,6,M,69,97,0
2015,6,M,69,112,0
2015,6,M,69,124,0
2015,6,M,70,4,1
2015,6,M,70,19,1
2015,6,M,70,51,5
2015,6,M,70,52,3
2015,6,M,70,76,5
2015,6,M,70,82,4
2015,6,M,70,93,1
2015,6,M,70,97,4
2015,6,M,70,112,0
2015,6,M,70,124,2
2015,6,M,71,4,19
2015,6,M,71,19,17
2015,6,M,71,51,59
2015,6,M,71,52,48
2015,6,M,71,76,42
2015,6,M,71,82,43
2015,6,M,71,93,13
2015,6,M,71,97,5
2015,6,M,71,112,2
2015,6,M,71,124,2
2015,6,M,72,4,2
2015,6,M,72,19,5
2015,6,M,72,51,3
2015,6,M,72,52,8
2015,6,M,72,76,2
2015,6,M,72,82,5
2015,6,M,72,93,38
2015,6,M,72,97,44
2015,6,M,72,112,47
2015,6,M,72,124,53
2015,6,M,73,4,35
2015,6,M,73,19,56
2015,6,M,73,51,2
2015,6,M,73,52,1
2015,6,M,73,76,1
2015,6,M,73,82,1
2015,6,M,73,93,2
2015,6,M,73,97,2
2015,6,M,73,112,0
2015,6,M,73,124,1
2015,6,M,74,4,0
2015,6,M,74,19,0
2015,6,M,74,51,0
2015,6,M,74,52,0
2015,6,M,74,76,0
2015,6,M,74,82,0
2015,6,M,74,93,0
2015,6,M,74,97,0
2015,6,M,74,112,0
2015,6,M,74,124,3
2015,6,M,75,4,0
2015,6,M,75,19,0
2015,6,M,75,51,0
2015,6,M,75,52,0
2015,6,M,75,76,0
2015,6,M,75,82,0
2015,6,M,75,93,0
2015,6,M,75,97,0
2015,6,M,75,112,0
2015,6,M,75,124,0
2015,6,M,76,4,0
2015,6,M,76,19,0
2015,6,M,76,51,0
2015,6,M,76,52,0
2015,6,M,76,76,0
2015,6,M,76,82,0
2015,6,M,76,93,0
2015,6,M,76,97,0
2015,6,M,76,112,0
2015,6,M,76,124,0
2015,6,M,77,4,0
2015,6,M,77,19,2
2015,6,M,77,51,1
2015,6,M,77,52,0
2015,6,M,77,76,2
2015,6,M,77,82,0
2015,6,M,77,93,2
2015,6,M,77,97,1
2015,6,M,77,112,3
2015,6,M,77,124,0
2015,6,M,78,4,0
2015,6,M,78,19,13
2015,6,M,78,51,17
2015,6,M,78,52,19
2015,6,M,78,76,5
2015,6,M,78,82,13
2015,6,M,78,93,11
2015,6,M,78,97,9
2015,6,M,78,112,17
2015,6,M,78,124,284
2015,6,M,79,4,202
2015,6,M,79,19,3078
2015,6,M,79,51,135
2015,6,M,79,52,170
2015,6,M,79,76,177
2015,6,M,79,82,214
2015,6,M,79,93,270
2015,6,M,79,97,1087
2015,6,M,79,112,39
2015,6,M,79,124,33
2015,6,M,80,4,71
2015,6,M,80,19,52
2015,6,M,80,51,72
2015,6,M,80,52,70
2015,6,M,80,76,23
2015,6,M,80,82,8
2015,6,M,80,93,8
2015,6,M,80,97,6
2015,6,M,80,112,18
2015,6,M,80,124,100
2015,6,M,81,4,26
2015,6,M,81,19,1
2015,6,M,81,51,1
2015,6,M,81,52,4
2015,6,M,81,76,0
2015,6,M,81,82,0
2015,6,M,81,93,2
2015,6,M,81,97,8
2015,6,M,81,112,3
2015,6,M,81,124,5
2015,6,M,82,4,0
2015,6,M,82,19,0
2015,6,M,82,51,0
2015,6,M,82,52,0
2015,6,M,82,76,0
2015,6,M,82,82,1
2015,6,M,82,93,0
2015,6,M,82,97,0
2015,6,M,82,112,4
2015,6,M,82,124,0
2015,6,M,83,4,2
2015,6,M,83,19,4
2015,6,M,83,51,1
2015,6,M,83,52,2
2015,6,M,83,76,0
2015,6,M,83,82,0
2015,6,M,83,93,0
2015,6,M,83,97,0
2015,6,M,83,112,0
2015,6,M,83,124,0
2015,6,M,84,4,0
2015,6,M,84,19,0
2015,6,M,84,51,0
2015,6,M,84,52,2
2015,6,M,84,76,3
2015,6,M,84,82,3
2015,6,M,84,93,2
2015,6,M,84,97,1
2015,6,M,84,112,5
2015,6,M,84,124,3
2015,6,M,85,4,2
2015,6,M,85,19,5
2015,6,M,85,51,5
2015,6,M,85,52,10
2015,6,M,85,76,9
2015,6,M,85,82,11
2015,6,M,85,93,1
2015,6,M,85,97,3
2015,6,M,85,112,6
2015,6,M,85,124,6
2015,7,F,65,4,0
2015,7,F,65,19,0
2015,7,F,65,51,0
2015,7,F,65,52,1
2015,7,F,65,76,0
2015,7,F,65,82,0
2015,7,F,65,93,0
2015,7,F,65,97,0
2015,7,F,65,112,0
2015,7,F,65,124,0
2015,7,F,66,4,0
2015,7,F,66,19,0
2015,7,F,66,51,0
2015,7,F,66,52,0
2015,7,F,66,76,0
2015,7,F,66,82,0
2015,7,F,66,93,6
2015,7,F,66,97,9
2015,7,F,66,112,7
2015,7,F,66,124,11
2015,7,F,67,4,6
2015,7,F,67,19,6
2015,7,F,67,51,5
2015,7,F,67,52,0
2015,7,F,67,76,0
2015,7,F,67,82,0
2015,7,F,67,93,0
2015,7,F,67,97,0
2015,7,F,67,112,1
2015,7,F,67,124,0
2015,7,F,68,4,0
2015,7,F,68,19,0
2015,7,F,68,51,0
2015,7,F,68,52,0
2015,7,F,68,76,0
2015,7,F,68,82,0
2015,7,F,68,93,0
2015,7,F,68,97,0
2015,7,F,68,112,0
2015,7,F,68,124,0
2015,7,F,69,4,0
2015,7,F,69,19,0
2015,7,F,69,51,0
2015,7,F,69,52,0
2015,7,F,69,76,0
2015,7,F,69,82,0
2015,7,F,69,93,0
2015,7,F,69,97,0
2015,7,F,69,112,0
2015,7,F,69,124,0
2015,7,F,70,4,0
2015,7,F,70,19,0
2015,7,F,70,51,0
2015,7,F,70,52,0
2015,7,F,70,76,0
2015,7,F,70,82,0
2015,7,F,70,93,46
2015,7,F,70,97,18
2015,7,F,70,112,32
2015,7,F,70,124,49
2015,7,F,71,4,34
2015,7,F,71,19,41
2015,7,F,71,51,0
2015,7,F,71,52,0
2015,7,F,71,76,0
2015,7,F,71,82,0
2015,7,F,71,93,0
2015,7,F,71,97,0
2015,7,F,71,112,0
2015,7,F,71,124,0
2015,7,F,72,4,0
2015,7,F,72,19,0
2015,7,F,72,51,0
2015,7,F,72,52,0
2015,7,F,72,76,0
2015,7,F,72,82,0
2015,7,F,72,93,0
2015,7,F,72,97,0
2015,7,F,72,112,0
2015,7,F,72,124,0
2015,7,F,73,4,0
2015,7,F,73,19,0
2015,7,F,73,51,0
2015,7,F,73,52,0
2015,7,F,73,76,0
2015,7,F,73,82,0
2015,7,F,73,93,0
2015,7,F,73,97,0
2015,7,F,73,112,0
2015,7,F,73,124,4
2015,7,F,74,4,1
2015,7,F,74,19,2
2015,7,F,74,51,2
2015,7,F,74,52,0
2015,7,F,74,76,0
2015,7,F,74,82,0
2015,7,F,74,93,0
2015,7,F,74,97,1
2015,7,F,74,112,1
2015,7,F,74,124,0
2015,7,F,75,4,2
2015,7,F,75,19,0
2015,7,F,75,51,0
2015,7,F,75,52,0
2015,7,F,75,76,0
2015,7,F,75,82,0
2015,7,F,75,93,0
2015,7,F,75,97,0
2015,7,F,75,112,0
2015,7,F,75,124,0
2015,7,F,76,4,0
2015,7,F,76,19,3
2015,7,F,76,51,9
2015,7,F,76,52,3
2015,7,F,76,76,5
2015,7,F,76,82,42
2015,7,F,76,93,6
2015,7,F,76,97,7
2015,7,F,76,112,4
2015,7,F,76,124,4
2015,7,F,77,4,672
2015,7,F,77,19,710
2015,7,F,77,51,723
2015,7,F,77,52,747
2015,7,F,77,76,755
2015,7,F,77,82,694
2015,7,F,77,93,667
2015,7,F,77,97,7
2015,7,F,77,112,18
2015,7,F,77,124,11
2015,7,F,78,4,21
2015,7,F,78,19,15
2015,7,F,78,51,24
2015,7,F,78,52,28
2015,7,F,78,76,3
2015,7,F,78,82,4
2015,7,F,78,93,4
2015,7,F,78,97,6
2015,7,F,78,112,9
2015,7,F,78,124,3
2015,7,F,79,4,6
2015,7,F,79,19,789
2015,7,F,79,51,57
2015,7,F,79,52,62
2015,7,F,79,76,63
2015,7,F,79,82,69
2015,7,F,79,93,72
2015,7,F,79,97,559
2015,7,F,79,112,75
2015,7,F,79,124,85
2015,7,F,80,4,6
2015,7,F,80,19,1
2015,7,F,80,51,8
2015,7,F,80,52,7
2015,7,F,80,76,72
2015,7,F,80,82,3
2015,7,F,80,93,5
2015,7,F,80,97,2
2015,7,F,80,112,1
2015,7,F,80,124,4
2015,7,F,81,4,1
2015,7,F,81,19,0
2015,7,F,81,51,0
2015,7,F,81,52,0
2015,7,F,81,76,0
2015,7,F,81,82,0
2015,7,F,81,93,29
2015,7,F,81,97,1
2015,7,F,81,112,18
2015,7,F,81,124,23
2015,7,F,82,4,489
2015,7,F,82,19,51
2015,7,F,82,51,72
2015,7,F,82,52,70
2015,7,F,82,76,6
2015,7,F,82,82,14
2015,7,F,82,93,52
2015,7,F,82,97,81
2015,7,F,82,112,1491
2015,7,F,82,124,8
2015,7,F,83,4,41
2015,7,F,83,19,349
2015,7,F,83,51,526
2015,7,F,83,52,499
2015,7,F,83,76,588
2015,7,F,83,82,628
2015,7,F,83,93,9583
2015,7,F,83,97,693
2015,7,F,83,112,752
2015,7,F,83,124,728
2015,7,F,84,4,3
2015,7,F,84,19,2
2015,7,F,84,51,5
2015,7,F,84,52,3
2015,7,F,84,76,10
2015,7,F,84,82,6
2015,7,F,84,93,2
2015,7,F,84,97,2
2015,7,F,84,112,17
2015,7,F,84,124,16
2015,7,F,85,4,23
2015,7,F,85,19,32
2015,7,F,85,51,20
2015,7,F,85,52,37
2015,7,F,85,76,38
2015,7,F,85,82,53
2015,7,F,85,93,0
2015,7,F,85,97,0
2015,7,F,85,112,0
2015,7,F,85,124,0
2015,7,M,65,4,0
2015,7,M,65,19,0
2015,7,M,65,51,192
2015,7,M,65,52,1989
2015,7,M,65,76,126
2015,7,M,65,82,113
2015,7,M,65,93,160
2015,7,M,65,97,189
2015,7,M,65,112,120
2015,7,M,65,124,126
2015,7,M,66,4,155
2015,7,M,66,19,0
2015,7,M,66,51,0
2015,7,M,66,52,0
2015,7,M,66,76,0
2015,7,M,66,82,0
2015,7,M,66,93,1
2015,7,M,66,97,0
2015,7,M,66,112,2
2015,7,M,66,124,2
2015,7,M,67,4,8
2015,7,M,67,19,11
2015,7,M,67,51,342
2015,7,M,67,52,11
2015,7,M,67,76,10
2015,7,M,67,82,11
2015,7,M,67,93,21
2015,7,M,67,97,28
2015,7,M,67,112,34
2015,7,M,67,124,30
2015,7,M,68,4,32
2015,7,M,68,19,30
2015,7,M,68,51,54
2015,7,M,68,52,35
2015,7,M,68,76,48
2015,7,M,68,82,39
2015,7,M,68,93,0
2015,7,M,68,97,1
2015,7,M,68,112,4
2015,7,M,68,124,2
2015,7,M,69,4,6
2015,7,M,69,19,2
2015,7,M,69,51,0
2015,7,M,69,52,0
2015,7,M,69,76,0
2015,7,M,69,82,0
2015,7,M,69,93,0
2015,7,M,69,97,0
2015,7,M,69,112,0
2015,7,M,69,124,0
2015,7,M,70,4,0
2015,7,M,70,19,0
2015,7,M,70,51,3
2015,7,M,70,52,0
2015,7,M,70,76,2
2015,7,M,70,82,3
2015,7,M,70,93,4
2015,7,M,70,97,1
2015,7,M,70,112,1
2015,7,M,70,124,3
2015,7,M,71,4,25
2015,7,M,71,19,13
2015,7,M,71,51,39
2015,7,M,71,52,49
2015,7,M,71,76,32
2015,7,M,71,82,39
2015,7,M,71,93,17
2015,7,M,71,97,13
2015,7,M,71,112,2
2015,7,M,71,124,3
2015,7,M,72,4,1
2015,7,M,72,19,3
2015,7,M,72,51,5
2015,7,M,72,52,5
2015,7,M,72,76,10
2015,7,M,72,82,2
2015,7,M,72,93,32
2015,7,M,72,97,41
2015,7,M,72,112,54
2015,7,M,72,124,66
2015,7,M,73,4,38
2015,7,M,73,19,60
2015,7,M,73,51,0
2015,7,M,73,52,1
2015,7,M,73,76,0
2015,7,M,73,82,2
2015,7,M,73,93,1
2015,7,M,73,97,1
2015,7,M,73,112,0
2015,7,M,73,124,1
2015,7,M,74,4,1
2015,7,M,74,19,0
2015,7,M,74,51,0
2015,7,M,74,52,0
2015,7,M,74,76,0
2015,7,M,74,82,1
2015,7,M,74,93,1
2015,7,M,74,97,0
2015,7,M,74,112,4
2015,7,M,74,124,0
2015,7,M,75,4,0
2015,7,M,75,19,1
2015,7,M,75,51,0
2015,7,M,75,52,0
2015,7,M,75,76,0
2015,7,M,75,82,0
2015,7,M,75,93,0
2015,7,M,75,97,0
2015,7,M,75,112,0
2015,7,M,75,124,0
2015,7,M,76,4,0
2015,7,M,76,19,0
2015,7,M,76,51,0
2015,7,M,76,52,0
2015,7,M,76,76,0
2015,7,M,76,82,0
2015,7,M,76,93,0
2015,7,M,76,97,0
2015,7,M,76,112,0
2015,7,M,76,124,0
2015,7,M,77,4,0
2015,7,M,77,19,1
2015,7,M,77,51,4
2015,7,M,77,52,2
2015,7,M,77,76,1
2015,7,M,77,82,4
2015,7,M,77,93,3
2015,7,M,77,97,3
2015,7,M,77,112,2
2015,7,M,77,124,0
2015,7,M,78,4,1
2015,7,M,78,19,16
2015,7,M,78,51,21
2015,7,M,78,52,18
2015,7,M,78,76,21
2015,7,M,78,82,15
2015,7,M,78,93,18
2015,7,M,78,97,9
2015,7,M,78,112,25
2015,7,M,78,124,251
2015,7,M,79,4,188
2015,7,M,79,19,3073
2015,7,M,79,51,159
2015,7,M,79,52,181
2015,7,M,79,76,198
2015,7,M,79,82,209
2015,7,M,79,93,333
2015,7,M,79,97,1061
2015,7,M,79,112,32
2015,7,M,79,124,46
2015,7,M,80,4,74
2015,7,M,80,19,71
2015,7,M,80,51,80
2015,7,M,80,52,75
2015,7,M,80,76,14
2015,7,M,80,82,8
2015,7,M,80,93,3
2015,7,M,80,97,6
2015,7,M,80,112,19
2015,7,M,80,124,94
2015,7,M,81,4,22
2015,7,M,81,19,0
2015,7,M,81,51,0
2015,7,M,81,52,2
2015,7,M,81,76,2
2015,7,M,81,82,1
2015,7,M,81,93,0
2015,7,M,81,97,3
2015,7,M,81,112,2
2015,7,M,81,124,1
2015,7,M,82,4,0
2015,7,M,82,19,0
2015,7,M,82,51,0
2015,7,M,82,52,0
2015,7,M,82,76,0
2015,7,M,82,82,0
2015,7,M,82,93,0
2015,7,M,82,97,1
2015,7,M,82,112,5
2015,7,M,82,124,5
2015,7,M,83,4,1
2015,7,M,83,19,3
2015,7,M,83,51,0
2015,7,M,83,52,1
2015,7,M,83,76,1
2015,7,M,83,82,0
2015,7,M,83,93,0
2015,7,M,83,97,0
2015,7,M,83,112,0
2015,7,M,83,124,0
2015,7,M,84,4,0
2015,7,M,84,19,0
2015,7,M,84,51,0
2015,7,M,84,52,3
2015,7,M,84,76,1
2015,7,M,84,82,4
2015,7,M,84,93,1
2015,7,M,84,97,4
2015,7,M,84,112,2
2015,7,M,84,124,3
2015,7,M,85,4,0
2015,7,M,85,19,5
2015,7,M,85,51,4
2015,7,M,85,52,5
2015,7,M,85,76,7
2015,7,M,85,82,9
2015,7,M,85,93,2
2015,7,M,85,97,3
2015,7,M,85,112,7
2015,7,M,85,124,9
2015,8,F,65,4,0
2015,8,F,65,19,0
2015,8,F,65,51,0
2015,8,F,65,52,0
2015,8,F,65,76,0
2015,8,F,65,82,0
2015,8,F,65,93,0
2015,8,F,65,97,0
2015,8,F,65,112,0
2015,8,F,65,124,0
2015,8,F,66,4,0
2015,8,F,66,19,0
2015,8,F,66,51,0
2015,8,F,66,52,0
2015,8,F,66,76,0
2015,8,F,66,82,0
2015,8,F,66,93,6
2015,8,F,66,97,7
2015,8,F,66,112,12
2015,8,F,66,124,6
2015,8,F,67,4,7
2015,8,F,67,19,17
2015,8,F,67,51,2
2015,8,F,67,52,0
2015,8,F,67,76,0
2015,8,F,67,82,0
2015,8,F,67,93,2
2015,8,F,67,97,1
2015,8,F,67,112,2
2015,8,F,67,124,2
2015,8,F,68,4,0
2015,8,F,68,19,0
2015,8,F,68,51,0
2015,8,F,68,52,0
2015,8,F,68,76,0
2015,8,F,68,82,0
2015,8,F,68,93,0
2015,8,F,68,97,0
2015,8,F,68,112,0
2015,8,F,68,124,0
2015,8,F,69,4,0
2015,8,F,69,19,0
2015,8,F,69,51,0
2015,8,F,69,52,0
2015,8,F,69,76,0
2015,8,F,69,82,0
2015,8,F,69,93,0
2015,8,F,69,97,0
2015,8,F,69,112,1
2015,8,F,69,124,0
2015,8,F,70,4,0
2015,8,F,70,19,0
2015,8,F,70,51,0
2015,8,F,70,52,0
2015,8,F,70,76,0
2015,8,F,70,82,0
2015,8,F,70,93,42
2015,8,F,70,97,25
2015,8,F,70,112,41
2015,8,F,70,124,54
2015,8,F,71,4,30
2015,8,F,71,19,38
2015,8,F,71,51,0
2015,8,F,71,52,0
2015,8,F,71,76,0
2015,8,F,71,82,0
2015,8,F,71,93,0
2015,8,F,71,97,0
2015,8,F,71,112,0
2015,8,F,71,124,0
2015,8,F,72,4,0
2015,8,F,72,19,0
2015,8,F,72,51,0
2015,8,F,72,52,0
2015,8,F,72,76,0
2015,8,F,72,82,0
2015,8,F,72,93,0
2015,8,F,72,97,0
2015,8,F,72,112,0
2015,8,F,72,124,0
2015,8,F,73,4,0
2015,8,F,73,19,0
2015,8,F,73,51,0
2015,8,F,73,52,0
2015,8,F,73,76,0
2015,8,F,73,82,0
2015,8,F,73,93,0
2015,8,F,73,97,0
2015,8,F,73,112,5
2015,8,F,73,124,7
2015,8,F,74,4,2
2015,8,F,74,19,3
2015,8,F,74,51,3
2015,8,F,74,52,2
2015,8,F,74,76,3
2015,8,F,74,82,1
2015,8,F,74,93,1
2015,8,F,74,97,3
2015,8,F,74,112,0
2015,8,F,74,124,0
2015,8,F,75,4,7
2015,8,F,75,19,0
2015,8,F,75,51,0
2015,8,F,75,52,0
2015,8,F,75,76,0
2015,8,F,75,82,0
2015,8,F,75,93,0
2015,8,F,75,97,0
2015,8,F,75,112,0
2015,8,F,75,124,0
2015,8,F,76,4,0
2015,8,F,76,19,5
2015,8,F,76,51,1
2015,8,F,76,52,4
2015,8,F,76,76,6
2015,8,F,76,82,44
2015,8,F,76,93,5
2015,8,F,76,97,2
2015,8,F,76,112,9
2015,8,F,76,124,5
2015,8,F,77,4,712
2015,8,F,77,19,693
2015,8,F,77,51,671
2015,8,F,77,52,702
2015,8,F,77,76,787
2015,8,F,77,82,759
2015,8,F,77,93,649
2015,8,F,77,97,16
2015,8,F,77,112,22
2015,8,F,77,124,12
2015,8,F,78,4,19
2015,8,F,78,19,12
2015,8,F,78,51,25
2015,8,F,78,52,17
2015,8,F,78,76,3
2015,8,F,78,82,3
2015,8,F,78,93,5
2015,8,F,78,97,4
2015,8,F,78,112,7
2015,8,F,78,124,7
2015,8,F,79,4,1
2015,8,F,79,19,738
2015,8,F,79,51,62
2015,8,F,79,52,67
2015,8,F,79,76,58
2015,8,F,79,82,73
2015,8,F,79,93,73
2015,8,F,79,97,540
2015,8,F,79,112,74
2015,8,F,79,124,76
2015,8,F,80,4,6
2015,8,F,80,19,3
2015,8,F,80,51,6
2015,8,F,80,52,8
2015,8,F,80,76,68
2015,8,F,80,82,2
2015,8,F,80,93,2
2015,8,F,80,97,3
2015,8,F,80,112,0
2015,8,F,80,124,2
2015,8,F,81,4,0
2015,8,F,81,19,0
2015,8,F,81,51,1
2015,8,F,81,52,0
2015,8,F,81,76,0
2015,8,F,81,82,0
2015,8,F,81,93,28
2015,8,F,81,97,8
2015,8,F,81,112,23
2015,8,F,81,124,19
2015,8,F,82,4,515
2015,8,F,82,19,38
2015,8,F,82,51,58
2015,8,F,82,52,78
2015,8,F,82,76,8
2015,8,F,82,82,14
2015,8,F,82,93,47
2015,8,F,82,97,81
2015,8,F,82,112,1504
2015,8,F,82,124,8
2015,8,F,83,4,57
2015,8,F,83,19,349
2015,8,F,83,51,499
2015,8,F,83,52,463
2015,8,F,83,76,509
2015,8,F,83,82,639
2015,8,F,83,93,9383
2015,8,F,83,97,688
2015,8,F,83,112,741
2015,8,F,83,124,714
2015,8,F,84,4,4
2015,8,F,84,19,0
2015,8,F,84,51,3
2015,8,F,84,52,5
2015,8,F,84,76,5
2015,8,F,84,82,5
2015,8,F,84,93,2
2015,8,F,84,97,3
2015,8,F,84,112,21
2015,8,F,84,124,18
2015,8,F,85,4,40
2015,8,F,85,19,27
2015,8,F,85,51,27
2015,8,F,85,52,34
2015,8,F,85,76,31
2015,8,F,85,82,52
2015,8,F,85,93,0
2015,8,F,85,97,0
2015,8,F,85,112,0
2015,8,F,85,124,1
2015,8,M,65,4,1
2015,8,M,65,19,0
2015,8,M,65,51,183
2015,8,M,65,52,1826
2015,8,M,65,76,103
2015,8,M,65,82,116
2015,8,M,65,93,184
2015,8,M,65,97,155
2015,8,M,65,112,100
2015,8,M,65,124,108
2015,8,M,66,4,134
2015,8,M,66,19,0
2015,8,M,66,51,1
2015,8,M,66,52,0
2015,8,M,66,76,0
2015,8,M,66,82,0
2015,8,M,66,93,0
2015,8,M,66,97,2
2015,8,M,66,112,3
2015,8,M,66,124,0
2015,8,M,67,4,10
2015,8,M,67,19,10
2015,8,M,67,51,386
2015,8,M,67,52,8
2015,8,M,67,76,15
2015,8,M,67,82,8
2015,8,M,67,93,31
2015,8,M,67,97,18
2015,8,M,67,112,25
2015,8,M,67,124,27
2015,8,M,68,4,44
2015,8,M,68,19,30
2015,8,M,68,51,52
2015,8,M,68,52,41
2015,8,M,68,76,46
2015,8,M,68,82,55
2015,8,M,68,93,0
2015,8,M,68,97,4
2015,8,M,68,112,0
2015,8,M,68,124,2
2015,8,M,69,4,3
2015,8,M,69,19,4
2015,8,M,69,51,0
2015,8,M,69,52,0
2015,8,M,69,76,0
2015,8,M,69,82,0
2015,8,M,69,93,0
2015,8,M,69,97,0
2015,8,M,69,112,0
2015,8,M,69,124,1
2015,8,M,70,4,0
2015,8,M,70,19,0
2015,8,M,70,51,0
2015,8,M,70,52,3
2015,8,M,70,76,2
2015,8,M,70,82,2
2015,8,M,70,93,3
2015,8,M,70,97,0
2015,8,M,70,112,2
2015,8,M,70,124,4
2015,8,M,71,4,29
2015,8,M,71,19,9
2015,8,M,71,51,56
2015,8,M,71,52,50
2015,8,M,71,76,45
2015,8,M,71,82,41
2015,8,M,71,93,24
2015,8,M,71,97,11
2015,8,M,71,112,4
2015,8,M,71,124,3
2015,8,M,72,4,5
2015,8,M,72,19,2
2015,8,M,72,51,5
2015,8,M,72,52,5
2015,8,M,72,76,7
2015,8,M,72,82,5
2015,8,M,72,93,32
2015,8,M,72,97,35
2015,8,M,72,112,50
2015,8,M,72,124,53
2015,8,M,73,4,46
2015,8,M,73,19,61
2015,8,M,73,51,0
2015,8,M,73,52,0
2015,8,M,73,76,2
2015,8,M,73,82,0
2015,8,M,73,93,0
2015,8,M,73,97,1
2015,8,M,73,112,1
2015,8,M,73,124,0
2015,8,M,74,4,0
2015,8,M,74,19,0
2015,8,M,74,51,0
2015,8,M,74,52,0
2015,8,M,74,76,0
2015,8,M,74,82,0
2015,8,M,74,93,0
2015,8,M,74,97,1
2015,8,M,74,112,2
2015,8,M,74,124,0
2015,8,M,75,4,0
2015,8,M,75,19,1
2015,8,M,75,51,0
2015,8,M,75,52,0
2015,8,M,75,76,0
2015,8,M,75,82,0
2015,8,M,75,93,0
2015,8,M,75,97,0
2015,8,M,75,112,0
2015,8,M,75,124,0
2015,8,M,76,4,0
2015,8,M,76,19,0
2015,8,M,76,51,0
2015,8,M,76,52,0
2015,8,M,76,76,0
2015,8,M,76,82,0
2015,8,M,76,93,0
2015,8,M,76,97,0
2015,8,M,76,112,0
2015,8,M,76,124,0
2015,8,M,77,4,0
2015,8,M,77,19,0
2015,8,M,77,51,1
2015,8,M,77,52,0
2015,8,M,77,76,1
2015,8,M,77,82,0
2015,8,M,77,93,2
2015,8,M,77,97,1
2015,8,M,77,112,0
2015,8,M,77,124,1
2015,8,M,78,4,1
2015,8,M,78,19,11
2015,8,M,78,51,23
2015,8,M,78,52,37
2015,8,M,78,76,13
2015,8,M,78,82,17
2015,8,M,78,93,13
2015,8,M,78,97,17
2015,8,M,78,112,10
2015,8,M,78,124,297
2015,8,M,79,4,214
2015,8,M,79,19,3152
2015,8,M,79,51,169
2015,8,M,79,52,204
2015,8,M,79,76,183
2015,8,M,79,82,197
2015,8,M,79,93,289
2015,8,M,79,97,1075
2015,8,M,79,112,26
2015,8,M,79,124,37
2015,8,M,80,4,71
2015,8,M,80,19,64
2015,8,M,80,51,68
2015,8,M,80,52,76
2015,8,M,80,76,12
2015,8,M,80,82,16
2015,8,M,80,93,5
2015,8,M,80,97,8
2015,8,M,80,112,15
2015,8,M,80,124,78
2015,8,M,81,4,19
2015,8,M,81,19,1
2015,8,M,81,51,0
2015,8,M,81,52,0
2015,8,M,81,76,2
2015,8,M,81,82,0
2015,8,M,81,93,2
2015,8,M,81,97,7
2015,8,M,81,112,1
2015,8,M,81,124,0
2015,8,M,82,4,0
2015,8,M,82,19,0
2015,8,M,82,51,0
2015,8,M,82,52,0
2015,8,M,82,76,0
2015,8,M,82,82,0
2015,8,M,82,93,0
2015,8,M,82,97,0
2015,8,M,82,112,2
2015,8,M,82,124,1
2015,8,M,83,4,1
2015,8,M,83,19,1
2015,8,M,83,51,1
2015,8,M,83,52,0
2015,8,M,83,76,0
2015,8,M,83,82,0
2015,8,M,83,93,0
2015,8,M,83,97,0
2015,8,M,83,112,0
2015,8,M,83,124,0
2015,8,M,84,4,0
2015,8,M,84,19,0
2015,8,M,84,51,0
2015,8,M,84,52,8
2015,8,M,84,76,0
2015,8,M,84,82,4
2015,8,M,84,93,3
2015,8,M,84,97,2
2015,8,M,84,112,3
2015,8,M,84,124,4
2015,8,M,85,4,2
2015,8,M,85,19,5
2015,8,M,85,51,9
2015,8,M,85,52,5
2015,8,M,85,76,9
2015,8,M,85,82,12
2015,8,M,85,93,2
2015,8,M,85,97,7
2015,8,M,85,112,8
2015,8,M,85,124,5
2015,9,F,65,4,0
2015,9,F,65,19,0
2015,9,F,65,51,0
2015,9,F,65,52,0
2015,9,F,65,76,0
2015,9,F,65,82,0
2015,9,F,65,93,0
2015,9,F,65,97,0
2015,9,F,65,112,0
2015,9,F,65,124,0
2015,9,F,66,4,0
2015,9,F,66,19,0
2015,9,F,66,51,0
2015,9,F,66,52,0
2015,9,F,66,76,0
2015,9,F,66,82,0
2015,9,F,66,93,5
2015,9,F,66,97,9
2015,9,F,66,112,11
2015,9,F,66,124,13
2015,9,F,67,4,5
2015,9,F,67,19,12
2015,9,F,67,51,2
2015,9,F,67,52,0
2015,9,F,67,76,0
2015,9,F,67,82,0
2015,9,F,67,93,0
2015,9,F,67,97,0
2015,9,F,67,112,1
2015,9,F,67,124,0
2015,9,F,68,4,1
2015,9,F,68,19,0
2015,9,F,68,51,0
2015,9,F,68,52,0
2015,9,F,68,76,0
2015,9,F,68,82,0
2015,9,F,68,93,0
2015,9,F,68,97,0
2015,9,F,68,112,0
2015,9,F,68,124,0
2015,9,F,69,4,0
2015,9,F,69,19,0
2015,9,F,69,51,0
2015,9,F,69,52,0
2015,9,F,69,76,0
2015,9,F,69,82,0
2015,9,F,69,93,0
2015,9,F,69,97,0
2015,9,F,69,112,0
2015,9,F,69,124,0
2015,9,F,70,4,0
2015,9,F,70,19,0
2015,9,F,70,51,0
2015,9,F,70,52,0
2015,9,F,70,76,0
2015,9,F,70,82,0
2015,9,F,70,93,46
2015,9,F,70,97,32
2015,9,F,70,112,25
2015,9,F,70,124,42
2015,9,F,71,4,39
2015,9,F,71,19,44
2015,9,F,71,51,1
2015,9,F,71,52,0
2015,9,F,71,76,0
2015,9,F,71,82,0
2015,9,F,71,93,0
2015,9,F,71,97,0
2015,9,F,71,112,0
2015,9,F,71,124,0
2015,9,F,72,4,0
2015,9,F,72,19,0
2015,9,F,72,51,0
2015,9,F,72,52,0
2015,9,F,72,76,0
2015,9,F,72,82,0
2015,9,F,72,93,0
2015,9,F,72,97,0
2015,9,F,72,112,0
2015,9,F,72,124,0
2015,9,F,73,4,0
2015,9,F,73,19,0
2015,9,F,73,51,0
2015,9,F,73,52,0
2015,9,F,73,76,0
2015,9,F,73,82,0
2015,9,F,73,93,0
2015,9,F,73,97,0
2015,9,F,73,112,0
2015,9,F,73,124,3
2015,9,F,74,4,0
2015,9,F,74,19,2
2015,9,F,74,51,2
2015,9,F,74,52,3
2015,9,F,74,76,0
2015,9,F,74,82,0
2015,9,F,74,93,1
2015,9,F,74,97,1
2015,9,F,74,112,0
2015,9,F,74,124,0
2015,9,F,75,4,8
2015,9,F,75,19,0
2015,9,F,75,51,0
2015,9,F,75,52,0
2015,9,F,75,76,0
2015,9,F,75,82,0
2015,9,F,75,93,0
2015,9,F,75,97,0
2015,9,F,75,112,0
2015,9,F,75,124,0
2015,9,F,76,4,0
2015,9,F,76,19,4
2015,9,F,76,51,4
2015,9,F,76,52,6
2015,9,F,76,76,6
2015,9,F,76,82,38
2015,9,F,76,93,6
2015,9,F,76,97,9
2015,9,F,76,112,5
2015,9,F,76,124,9
2015,9,F,77,4,666
2015,9,F,77,19,675
2015,9,F,77,51,735
2015,9,F,77,52,674
2015,9,F,77,76,738
2015,9,F,77,82,672
2015,9,F,77,93,645
2015,9,F,77,97,12
2015,9,F,77,112,18
2015,9,F,77,124,13
2015,9,F,78,4,18
2015,9,F,78,19,24
2015,9,F,78,51,29
2015,9,F,78,52,18
2015,9,F,78,76,1
2015,9,F,78,82,0
2015,9,F,78,93,2
2015,9,F,78,97,5
2015,9,F,78,112,7
2015,9,F,78,124,9
2015,9,F,79,4,8
2015,9,F,79,19,763
2015,9,F,79,51,67
2015,9,F,79,52,65
2015,9,F,79,76,62
2015,9,F,79,82,73
2015,9,F,79,93,77
2015,9,F,79,97,512
2015,9,F,79,112,83
2015,9,F,79,124,78
2015,9,F,80,4,8
2015,9,F,80,19,5
2015,9,F,80,51,9
2015,9,F,80,52,4
2015,9,F,80,76,59
2015,9,F,80,82,2
2015,9,F,80,93,1
2015,9,F,80,97,0
2015,9,F,80,112,2
2015,9,F,80,124,3
2015,9,F,81,4,1
2015,9,F,81,19,0
2015,9,F,81,51,0
2015,9,F,81,52,0
2015,9,F,81,76,0
2015,9,F,81,82,0
2015,9,F,81,93,38
2015,9,F,81,97,3
2015,9,F,81,112,20
2015,9,F,81,124,20
2015,9,F,82,4,503
2015,9,F,82,19,38
2015,9,F,82,51,64
2015,9,F,82,52,89
2015,9,F,82,76,11
2015,9,F,82,82,11
2015,9,F,82,93,60
2015,9,F,82,97,83
2015,9,F,82,112,1497
2015,9,F,82,124,11
2015,9,F,83,4,42
2015,9,F,83,19,323
2015,9,F,83,51,464
2015,9,F,83,52,478
2015,9,F,83,76,500
2015,9,F,83,82,624
2015,9,F,83,93,9223
2015,9,F,83,97,637
2015,9,F,83,112,697
2015,9,F,83,124,649
2015,9,F,84,4,1
2015,9,F,84,19,1
2015,9,F,84,51,2
2015,9,F,84,52,3
2015,9,F,84,76,3
2015,9,F,84,82,6
2015,9,F,84,93,2
2015,9,F,84,97,5
2015,9,F,84,112,9
2015,9,F,84,124,23
2015,9,F,85,4,23
2015,9,F,85,19,33
2015,9,F,85,51,35
2015,9,F,85,52,36
2015,9,F,85,76,50
2015,9,F,85,82,44
2015,9,F,85,93,0
2015,9,F,85,97,0
2015,9,F,85,112,0
2015,9,F,85,124,0
2015,9,M,65,4,0
2015,9,M,65,19,0
2015,9,M,65,51,175
2015,9,M,65,52,1759
2015,9,M,65,76,116
2015,9,M,65,82,124
2015,9,M,65,93,160
2015,9,M,65,97,173
2015,9,M,65,112,121
2015,9,M,65,124,127
2015,9,M,66,4,151
2015,9,M,66,19,0
2015,9,M,66,51,0
2015,9,M,66,52,0
2015,9,M,66,76,0
2015,9,M,66,82,0
2015,9,M,66,93,0
2015,9,M,66,97,0
2015,9,M,66,112,0
2015,9,M,66,124,4
2015,9,M,67,4,9
2015,9,M,67,19,18
2015,9,M,67,51,374
2015,9,M,67,52,4
2015,9,M,67,76,11
2015,9,M,67,82,13
2015,9,M,67,93,24
2015,9,M,67,97,15
2015,9,M,67,112,30
2015,9,M,67,124,35
2015,9,M,68,4,50
2015,9,M,68,19,23
2015,9,M,68,51,33
2015,9,M,68,52,45
2015,9,M,68,76,49
2015,9,M,68,82,50
2015,9,M,68,93,3
2015,9,M,68,97,6
2015,9,M,68,112,1
2015,9,M,68,124,2
2015,9,M,69,4,1
2015,9,M,69,19,4
2015,9,M,69,51,0
2015,9,M,69,52,2
2015,9,M,69,76,1
2015,9,M,69,82,0
2015,9,M,69,93,1
2015,9,M,69,97,0
2015,9,M,69,112,0
2015,9,M,69,124,0
2015,9,M,70,4,0
2015,9,M,70,19,1
2015,9,M,70,51,0
2015,9,M,70,52,3
2015,9,M,70,76,2
2015,9,M,70,82,4
2015,9,M,70,93,1
2015,9,M,70,97,0
2015,9,M,70,112,3
2015,9,M,70,124,3
2015,9,M,71,4,28
2015,9,M,71,19,18
2015,9,M,71,51,53
2015,9,M,71,52,60
2015,9,M,71,76,31
2015,9,M,71,82,46
2015,9,M,71,93,24
2015,9,M,71,97,16
2015,9,M,71,112,1
2015,9,M,71,124,1
2015,9,M,72,4,2
2015,9,M,72,19,5
2015,9,M,72,51,5
2015,9,M,72,52,3
2015,9,M,72,76,5
2015,9,M,72,82,5
2015,9,M,72,93,30
2015,9,M,72,97,33
2015,9,M,72,112,58
2015,9,M,72,124,50
2015,9,M,73,4,57
2015,9,M,73,19,69
2015,9,M,73,51,0
2015,9,M,73,52,0
2015,9,M,73,76,2
2015,9,M,73,82,0
2015,9,M,73,93,2
2015,9,M,73,97,1
2015,9,M,73,112,0
2015,9,M,73,124,1
2015,9,M,74,4,0
2015,9,M,74,19,0
2015,9,M,74,51,0
2015,9,M,74,52,0
2015,9,M,74,76,0
2015,9,M,74,82,3
2015,9,M,74,93,2
2015,9,M,74,97,2
2015,9,M,74,112,1
2015,9,M,74,124,0
2015,9,M,75,4,0
2015,9,M,75,19,2
2015,9,M,75,51,0
2015,9,M,75,52,0
2015,9,M,75,76,0
2015,9,M,75,82,0
2015,9,M,75,93,0
2015,9,M,75,97,0
2015,9,M,75,112,0
2015,9,M,75,124,0
2015,9,M,76,4,0
2015,9,M,76,19,0
2015,9,M,76,51,0
2015,9,M,76,52,0
2015,9,M,76,76,0
2015,9,M,76,82,0
2015,9,M,76,93,0
2015,9,M,76,97,0
2015,9,M,76,112,0
2015,9,M,76,124,0
2015,9,M,77,4,0
2015,9,M,77,19,2
2015,9,M,77,51,2
2015,9,M,77,52,0
2015,9,M,77,76,1
2015,9,M,77,82,2
2015,9,M,77,93,1
2015,9,M,77,97,0
2015,9,M,77,112,1
2015,9,M,77,124,5
2015,9,M,78,4,0
2015,9,M,78,19,12
2015,9,M,78,51,34
2015,9,M,78,52,14
2015,9,M,78,76,15
2015,9,M,78,82,11
2015,9,M,78,93,22
2015,9,M,78,97,13
2015,9,M,78,112,18
2015,9,M,78,124,290
2015,9,M,79,4,209
2015,9,M,79,19,3161
2015,9,M,79,51,151
2015,9,M,79,52,184
2015,9,M,79,76,208
2015,9,M,79,82,199
2015,9,M,79,93,283
2015,9,M,79,97,1031
2015,9,M,79,112,29
2015,9,M,79,124,34
2015,9,M,80,4,78
2015,9,M,80,19,57
2015,9,M,80,51,80
2015,9,M,80,52,74
2015,9,M,80,76,11
2015,9,M,80,82,10
2015,9,M,80,93,1
2015,9,M,80,97,4
2015,9,M,80,112,11
2015,9,M,80,124,86
2015,9,M,81,4,20
2015,9,M,81,19,1
2015,9,M,81,51,2
2015,9,M,81,52,2
2015,9,M,81,76,0
2015,9,M,81,82,1
2015,9,M,81,93,3
2015,9,M,81,97,6
2015,9,M,81,112,3
2015,9,M,81,124,2
2015,9,M,82,4,0
2015,9,M,82,19,0
2015,9,M,82,51,0
2015,9,M,82,52,0
2015,9,M,82,76,0
2015,9,M,82,82,0
2015,9,M,82,93,0
2015,9,M,82,97,1
2015,9,M,82,112,7
2015,9,M,82,124,2
2015,9,M,83,4,0
2015,9,M,83,19,0
2015,9,M,83,51,3
2015,9,M,83,52,0
2015,9,M,83,76,1
2015,9,M,83,82,2
2015,9,M,83,93,0
2015,9,M,83,97,0
2015,9,M,83,112,0
2015,9,M,83,124,0
2015,9,M,84,4,0
2015,9,M,84,19,0
2015,9,M,84,51,0
2015,9,M,84,52,3
2015,9,M,84,76,0
2015,9,M,84,82,0
2015,9,M,84,93,5
2015,9,M,84,97,5
2015,9,M,84,112,2
2015,9,M,84,124,1
2015,9,M,85,4,4
2015,9,M,85,19,2
2015,9,M,85,51,7
2015,9,M,85,52,7
2015,9,M,85,76,8
2015,9,M,85,82,10
2015,9,M,85,93,2
2015,9,M,85,97,4
2015,9,M,85,112,5
2015,9,M,85,124,5
2015,10,F,65,4,0
2015,10,F,65,19,0
2015,10,F,65,51,0
2015,10,F,65,52,1
2015,10,F,65,76,0
2015,10,F,65,82,0
2015,10,F,65,93,0
2015,10,F,65,97,0
2015,10,F,65,112,0
2015,10,F,65,124,0
2015,10,F,66,4,0
2015,10,F,66,19,0
2015,10,F,66,51,0
2015,10,F,66,52,0
2015,10,F,66,76,0
2015,10,F,66,82,0
2015,10,F,66,93,7
2015,10,F,66,97,6
2015,10,F,66,112,12
2015,10,F,66,124,13
2015,10,F,67,4,4
2015,10,F,67,19,10
2015,10,F,67,51,2
2015,10,F,67,52,0
2015,10,F,67,76,0
2015,10,F,67,82,2
2015,10,F,67,93,1
2015,10,F,67,97,0
2015,10,F,67,112,0
2015,10,F,67,124,0
2015,10,F,68,4,0
2015,10,F,68,19,0
2015,10,F,68,51,0
2015,10,F,68,52,0
2015,10,F,68,76,0
2015,10,F,68,82,0
2015,10,F,68,93,0
2015,10,F,68,97,0
2015,10,F,68,112,0
2015,10,F,68,124,0
2015,10,F,69,4,0
2015,10,F,69,19,0
2015,10,F,69,51,0
2015,10,F,69,52,0
2015,10,F,69,76,0
2015,10,F,69,82,0
2015,10,F,69,93,0
2015,10,F,69,97,0
2015,10,F,69,112,0
2015,10,F,69,124,0
2015,10,F,70,4,0
2015,10,F,70,19,0
2015,10,F,70,51,0
2015,10,F,70,52,0
2015,10,F,70,76,0
2015,10,F,70,82,0
2015,10,F,70,93,30
2015,10,F,70,97,29
2015,10,F,70,112,46
2015,10,F,70,124,37
2015,10,F,71,4,52
2015,10,F,71,19,41
2015,10,F,71,51,0
2015,10,F,71,52,0
2015,10,F,71,76,2
2015,10,F,71,82,0
2015,10,F,71,93,0
2015,10,F,71,97,0
2015,10,F,71,112,0
2015,10,F,71,124,0
2015,10,F,72,4,0
2015,10,F,72,19,0
2015,10,F,72,51,0
2015,10,F,72,52,0
2015,10,F,72,76,0
2015,10,F,72,82,0
2015,10,F,72,93,0
2015,10,F,72,97,0
2015,10,F,72,112,0
2015,10,F,72,124,0
2015,10,F,73,4,0
2015,10,F,73,19,0
2015,10,F,73,51,0
2015,10,F,73,52,0
2015,10,F,73,76,0
2015,10,F,73,82,0
2015,10,F,73,93,0
2015,10,F,73,97,0
2015,10,F,73,112,5
2015,10,F,73,124,4
2015,10,F,74,4,2
2015,10,F,74,19,5
2015,10,F,74,51,3
2015,10,F,74,52,3
2015,10,F,74,76,3
2015,10,F,74,82,1
2015,10,F,74,93,1
2015,10,F,74,97,2
2015,10,F,74,112,0
2015,10,F,74,124,0
2015,10,F,75,4,2
2015,10,F,75,19,0
2015,10,F,75,51,0
2015,10,F,75,52,0
2015,10,F,75,76,0
2015,10,F,75,82,0
2015,10,F,75,93,0
2015,10,F,75,97,0
2015,10,F,75,112,0
2015,10,F,75,124,0
2015,10,F,76,4,0
2015,10,F,76,19,6
2015,10,F,76,51,6
2015,10,F,76,52,6
2015,10,F,76,76,4
2015,10,F,76,82,53
2015,10,F,76,93,3
2015,10,F,76,97,7
2015,10,F,76,112,7
2015,10,F,76,124,8
2015,10,F,77,4,739
2015,10,F,77,19,694
2015,10,F,77,51,733
2015,10,F,77,52,714
2015,10,F,77,76,773
2015,10,F,77,82,750
2015,10,F,77,93,613
2015,10,F,77,97,10
2015,10,F,77,112,11
2015,10,F,77,124,17
2015,10,F,78,4,23
2015,10,F,78,19,29
2015,10,F,78,51,29
2015,10,F,78,52,24
2015,10,F,78,76,1
2015,10,F,78,82,2
2015,10,F,78,93,2
2015,10,F,78,97,6
2015,10,F,78,112,4
2015,10,F,78,124,3
2015,10,F,79,4,3
2015,10,F,79,19,794
2015,10,F,79,51,62
2015,10,F,79,52,75
2015,10,F,79,76,73
2015,10,F,79,82,61
2015,10,F,79,93,92
2015,10,F,79,97,575
2015,10,F,79,112,109
2015,10,F,79,124,98
2015,10,F,80,4,5
2015,10,F,80,19,3
2015,10,F,80,51,7
2015,10,F,80,52,8
2015,10,F,80,76,67
2015,10,F,80,82,1
2015,10,F,80,93,4
2015,10,F,80,97,6
2015,10,F,80,112,0
2015,10,F,80,124,0
2015,10,F,81,4,2
2015,10,F,81,19,2
2015,10,F,81,51,0
2015,10,F,81,52,0
2015,10,F,81,76,1
2015,10,F,81,82,0
2015,10,F,81,93,24
2015,10,F,81,97,4
2015,10,F,81,112,19
2015,10,F,81,124,17
2015,10,F,82,4,520
2015,10,F,82,19,41
2015,10,F,82,51,64
2015,10,F,82,52,65
2015,10,F,82,76,15
2015,10,F,82,82,18
2015,10,F,82,93,55
2015,10,F,82,97,80
2015,10,F,82,112,1682
2015,10,F,82,124,8
2015,10,F,83,4,53
2015,10,F,83,19,348
2015,10,F,83,51,541
2015,10,F,83,52,529
2015,10,F,83,76,553
2015,10,F,83,82,626
2015,10,F,83,93,10148
2015,10,F,83,97,653
2015,10,F,83,112,760
2015,10,F,83,124,797
2015,10,F,84,4,2
2015,10,F,84,19,2
2015,10,F,84,51,5
2015,10,F,84,52,3
2015,10,F,84,76,6
2015,10,F,84,82,4
2015,10,F,84,93,5
2015,10,F,84,97,0
2015,10,F,84,112,21
2015,10,F,84,124,21
2015,10,F,85,4,35
2015,10,F,85,19,21
2015,10,F,85,51,41
2015,10,F,85,52,51
2015,10,F,85,76,49
2015,10,F,85,82,48
2015,10,F,85,93,1
2015,10,F,85,97,0
2015,10,F,85,112,0
2015,10,F,85,124,0
2015,10,M,65,4,0
2015,10,M,65,19,0
2015,10,M,65,51,191
2015,10,M,65,52,1950
2015,10,M,65,76,125
2015,10,M,65,82,123
2015,10,M,65,93,164
2015,10,M,65,97,180
2015,10,M,65,112,115
2015,10,M,65,124,127
2015,10,M,66,4,167
2015,10,M,66,19,0
2015,10,M,66,51,0
2015,10,M,66,52,0
2015,10,M,66,76,0
2015,10,M,66,82,1
2015,10,M,66,93,0
2015,10,M,66,97,0
2015,10,M,66,112,1
2015,10,M,66,124,2
2015,10,M,67,4,9
2015,10,M,67,19,16
2015,10,M,67,51,394
2015,10,M,67,52,12
2015,10,M,67,76,14
2015,10,M,67,82,13
2015,10,M,67,93,19
2015,10,M,67,97,30
2015,10,M,67,112,38
2015,10,M,67,124,36
2015,10,M,68,4,52
2015,10,M,68,19,37
2015,10,M,68,51,44
2015,10,M,68,52,41
2015,10,M,68,76,48
2015,10,M,68,82,53
2015,10,M,68,93,5
2015,10,M,68,97,2
2015,10,M,68,112,2
2015,10,M,68,124,1
2015,10,M,69,4,3
2015,10,M,69,19,2
2015,10,M,69,51,0
2015,10,M,69,52,1
2015,10,M,69,76,0
2015,10,M,69,82,0
2015,10,M,69,93,0
2015,10,M,69,97,0
2015,10,M,69,112,0
2015,10,M,69,124,1
2015,10,M,70,4,0
2015,10,M,70,19,2
2015,10,M,70,51,2
2015,10,M,70,52,2
2015,10,M,70,76,5
2015,10,M,70,82,3
2015,10,M,70,93,1
2015,10,M,70,97,1
2015,10,M,70,112,2
2015,10,M,70,124,5
2015,10,M,71,4,17
2015,10,M,71,19,15
2015,10,M,71,51,68
2015,10,M,71,52,65
2015,10,M,71,76,33
2015,10,M,71,82,30
2015,10,M,71,93,17
2015,10,M,71,97,16
2015,10,M,71,112,3
2015,10,M,71,124,2
2015,10,M,72,4,7
2015,10,M,72,19,1
2015,10,M,72,51,4
2015,10,M,72,52,2
2015,10,M,72,76,6
2015,10,M,72,82,7
2015,10,M,72,93,31
2015,10,M,72,97,25
2015,10,M,72,112,62
2015,10,M,72,124,61
2015,10,M,73,4,45
2015,10,M,73,19,65
2015,10,M,73,51,3
2015,10,M,73,52,0
2015,10,M,73,76,1
2015,10,M,73,82,1
2015,10,M,73,93,1
2015,10,M,73,97,1
2015,10,M,73,112,0
2015,10,M,73,124,0
2015,10,M,74,4,0
2015,10,M,74,19,0
2015,10,M,74,51,0
2015,10,M,74,52,0
2015,10,M,74,76,0
2015,10,M,74,82,2
2015,10,M,74,93,0
2015,10,M,74,97,2
2015,10,M,74,112,3
2015,10,M,74,124,2
2015,10,M,75,4,0
2015,10,M,75,19,0
2015,10,M,75,51,0
2015,10,M,75,52,0
2015,10,M,75,76,0
2015,10,M,75,82,0
2015,10,M,75,93,0
2015,10,M,75,97,0
2015,10,M,75,112,0
2015,10,M,75,124,0
2015,10,M,76,4,0
2015,10,M,76,19,0
2015,10,M,76,51,0
2015,10,M,76,52,0
2015,10,M,76,76,0
2015,10,M,76,82,0
2015,10,M,76,93,0
2015,10,M,76,97,0
2015,10,M,76,112,0
2015,10,M,76,124,0
2015,10,M,77,4,0
2015,10,M,77,19,1
2015,10,M,77,51,0
2015,10,M,77,52,5
2015,10,M,77,76,0
2015,10,M,77,82,0
2015,10,M,77,93,1
2015,10,M,77,97,1
2015,10,M,77,112,3
2015,10,M,77,124,2
2015,10,M,78,4,0
2015,10,M,78,19,14
2015,10,M,78,51,22
2015,10,M,78,52,27
2015,10,M,78,76,13
2015,10,M,78,82,15
2015,10,M,78,93,16
2015,10,M,78,97,17
2015,10,M,78,112,23
2015,10,M,78,124,323
2015,10,M,79,4,217
2015,10,M,79,19,3331
2015,10,M,79,51,158
2015,10,M,79,52,195
2015,10,M,79,76,199
2015,10,M,79,82,212
2015,10,M,79,93,315
2015,10,M,79,97,1200
2015,10,M,79,112,40
2015,10,M,79,124,43
2015,10,M,80,4,67
2015,10,M,80,19,68
2015,10,M,80,51,77
2015,10,M,80,52,79
2015,10,M,80,76,17
2015,10,M,80,82,7
2015,10,M,80,93,6
2015,10,M,80,97,3
2015,10,M,80,112,16
2015,10,M,80,124,96
2015,10,M,81,4,23
2015,10,M,81,19,0
2015,10,M,81,51,2
2015,10,M,81,52,2
2015,10,M,81,76,2
2015,10,M,81,82,2
2015,10,M,81,93,0
2015,10,M,81,97,2
2015,10,M,81,112,1
2015,10,M,81,124,4
2015,10,M,82,4,0
2015,10,M,82,19,0
2015,10,M,82,51,0
2015,10,M,82,52,0
2015,10,M,82,76,0
2015,10,M,82,82,0
2015,10,M,82,93,1
2015,10,M,82,97,0
2015,10,M,82,112,4
2015,10,M,82,124,1
2015,10,M,83,4,0
2015,10,M,83,19,1
2015,10,M,83,51,3
2015,10,M,83,52,1
2015,10,M,83,76,0
2015,10,M,83,82,2
2015,10,M,83,93,0
2015,10,M,83,97,0
2015,10,M,83,112,0
2015,10,M,83,124,0
2015,10,M,84,4,0
2015,10,M,84,19,0
2015,10,M,84,51,0
2015,10,M,84,52,2
2015,10,M,84,76,2
2015,10,M,84,82,5
2015,10,M,84,93,2
2015,10,M,84,97,4
2015,10,M,84,112,5
2015,10,M,84,124,6
2015,10,M,85,4,2
2015,10,M,85,19,6
2015,10,M,85,51,11
2015,10,M,85,52,5
2015,10,M,85,76,8
2015,10,M,85,82,14
2015,10,M,85,93,4
2015,10,M,85,97,4
2015,10,M,85,112,5
2015,10,M,85,124,10
2015,11,F,65,4,0
2015,11,F,65,19,1
2015,11,F,65,51,2
2015,11,F,65,52,0
2015,11,F,65,76,1
2015,11,F,65,82,0
2015,11,F,65,93,0
2015,11,F,65,97,0
2015,11,F,65,112,0
2015,11,F,65,124,0
2015,11,F,66,4,0
2015,11,F,66,19,0
2015,11,F,66,51,0
2015,11,F,66,52,0
2015,11,F,66,76,0
2015,11,F,66,82,0
2015,11,F,66,93,5
2015,11,F,66,97,5
2015,11,F,66,112,10
2015,11,F,66,124,10
2015,11,F,67,4,4
2015,11,F,67,19,12
2015,11,F,67,51,2
2015,11,F,67,52,0
2015,11,F,67,76,1
2015,11,F,67,82,0
2015,11,F,67,93,0
2015,11,F,67,97,0
2015,11,F,67,112,0
2015,11,F,67,124,0
2015,11,F,68,4,0
2015,11,F,68,19,0
2015,11,F,68,51,0
2015,11,F,68,52,0
2015,11,F,68,76,0
2015,11,F,68,82,0
2015,11,F,68,93,0
2015,11,F,68,97,0
2015,11,F,68,112,0
2015,11,F,68,124,0
2015,11,F,69,4,0
2015,11,F,69,19,0
2015,11,F,69,51,0
2015,11,F,69,52,0
2015,11,F,69,76,0
2015,11,F,69,82,0
2015,11,F,69,93,0
2015,11,F,69,97,0
2015,11,F,69,112,0
2015,11,F,69,124,0
2015,11,F,70,4,0
2015,11,F,70,19,0
2015,11,F,70,51,0
2015,11,F,70,52,0
2015,11,F,70,76,0
2015,11,F,70,82,0
2015,11,F,70,93,32
2015,11,F,70,97,26
2015,11,F,70,112,41
2015,11,F,70,124,48
2015,11,F,71,4,29
2015,11,F,71,19,38
2015,11,F,71,51,0
2015,11,F,71,52,0
2015,11,F,71,76,0
2015,11,F,71,82,0
2015,11,F,71,93,0
2015,11,F,71,97,0
2015,11,F,71,112,1
2015,11,F,71,124,0
2015,11,F,72,4,0
2015,11,F,72,19,0
2015,11,F,72,51,0
2015,11,F,72,52,0
2015,11,F,72,76,0
2015,11,F,72,82,0
2015,11,F,72,93,0
2015,11,F,72,97,0
2015,11,F,72,112,0
2015,11,F,72,124,0
2015,11,F,73,4,0
2015,11,F,73,19,0
2015,11,F,73,51,0
2015,11,F,73,52,0
2015,11,F,73,76,0
2015,11,F,73,82,0
2015,11,F,73,93,0
2015,11,F,73,97,0
2015,11,F,73,112,3
2015,11,F,73,124,5
2015,11,F,74,4,0
2015,11,F,74,19,4
2015,11,F,74,51,0
2015,11,F,74,52,1
2015,11,F,74,76,1
2015,11,F,74,82,0
2015,11,F,74,93,1
2015,11,F,74,97,0
2015,11,F,74,112,0
2015,11,F,74,124,0
2015,11,F,75,4,3
2015,11,F,75,19,0
2015,11,F,75,51,0
2015,11,F,75,52,0
2015,11,F,75,76,0
2015,11,F,75,82,0
2015,11,F,75,93,0
2015,11,F,75,97,0
2015,11,F,75,112,0
2015,11,F,75,124,0
2015,11,F,76,4,0
2015,11,F,76,19,8
2015,11,F,76,51,5
2015,11,F,76,52,4
2015,11,F,76,76,5
2015,11,F,76,82,51
2015,11,F,76,93,6
2015,11,F,76,97,7
2015,11,F,76,112,9
2015,11,F,76,124,9
2015,11,F,77,4,682
2015,11,F,77,19,713
2015,11,F,77,51,744
2015,11,F,77,52,731
2015,11,F,77,76,756
2015,11,F,77,82,775
2015,11,F,77,93,621
2015,11,F,77,97,21
2015,11,F,77,112,10
2015,11,F,77,124,19
2015,11,F,78,4,23
2015,11,F,78,19,20
2015,11,F,78,51,23
2015,11,F,78,52,23
2015,11,F,78,76,1
2015,11,F,78,82,4
2015,11,F,78,93,2
2015,11,F,78,97,3
2015,11,F,78,112,5
2015,11,F,78,124,6
2015,11,F,79,4,4
2015,11,F,79,19,782
2015,11,F,79,51,62
2015,11,F,79,52,83
2015,11,F,79,76,50
2015,11,F,79,82,76
2015,11,F,79,93,77
2015,11,F,79,97,584
2015,11,F,79,112,94
2015,11,F,79,124,95
2015,11,F,80,4,6
2015,11,F,80,19,5
2015,11,F,80,51,10
2015,11,F,80,52,9
2015,11,F,80,76,63
2015,11,F,80,82,1
2015,11,F,80,93,3
2015,11,F,80,97,0
2015,11,F,80,112,0
2015,11,F,80,124,1
2015,11,F,81,4,0
2015,11,F,81,19,0
2015,11,F,81,51,2
2015,11,F,81,52,0
2015,11,F,81,76,0
2015,11,F,81,82,0
2015,11,F,81,93,34
2015,11,F,81,97,9
2015,11,F,81,112,17
2015,11,F,81,124,19
2015,11,F,82,4,539
2015,11,F,82,19,40
2015,11,F,82,51,65
2015,11,F,82,52,78
2015,11,F,82,76,6
2015,11,F,82,82,15
2015,11,F,82,93,79
2015,11,F,82,97,77
2015,11,F,82,112,1622
2015,11,F,82,124,6
2015,11,F,83,4,52
2015,11,F,83,19,354
2015,11,F,83,51,530
2015,11,F,83,52,545
2015,11,F,83,76,599
2015,11,F,83,82,675
2015,11,F,83,93,10075
2015,11,F,83,97,628
2015,11,F,83,112,731
2015,11,F,83,124,808
2015,11,F,84,4,7
2015,11,F,84,19,2
2015,11,F,84,51,6
2015,11,F,84,52,4
2015,11,F,84,76,6
2015,11,F,84,82,4
2015,11,F,84,93,3
2015,11,F,84,97,1
2015,11,F,84,112,21
2015,11,F,84,124,23
2015,11,F,85,4,30
2015,11,F,85,19,27
2015,11,F,85,51,40
2015,11,F,85,52,32
2015,11,F,85,76,46
2015,11,F,85,82,53
2015,11,F,85,93,0
2015,11,F,85,97,1
2015,11,F,85,112,0
2015,11,F,85,124,0
2015,11,M,65,4,0
2015,11,M,65,19,0
2015,11,M,65,51,206
2015,11,M,65,52,1986
2015,11,M,65,76,115
2015,11,M,65,82,122
2015,11,M,65,93,195
2015,11,M,65,97,183
2015,11,M,65,112,113
2015,11,M,65,124,119
2015,11,M,66,4,183
2015,11,M,66,19,0
2015,11,M,66,51,0
2015,11,M,66,52,0
2015,11,M,66,76,0
2015,11,M,66,82,0
2015,11,M,66,93,1
2015,11,M,66,97,1
2015,11,M,66,112,1
2015,11,M,66,124,2
2015,11,M,67,4,3
2015,11,M,67,19,18
2015,11,M,67,51,335
2015,11,M,67,52,14
2015,11,M,67,76,8
2015,11,M,67,82,11
2015,11,M,67,93,26
2015,11,M,67,97,28
2015,11,M,67,112,23
2015,11,M,67,124,36
2015,11,M,68,4,46
2015,11,M,68,19,37
2015,11,M,68,51,49
2015,11,M,68,52,61
2015,11,M,68,76,63
2015,11,M,68,82,40
2015,11,M,68,93,2
2015,11,M,68,97,2
2015,11,M,68,112,4
2015,11,M,68,124,6
2015,11,M,69,4,3
2015,11,M,69,19,8
2015,11,M,69,51,0
2015,11,M,69,52,0
2015,11,M,69,76,0
2015,11,M,69,82,0
2015,11,M,69,93,0
2015,11,M,69,97,0
2015,11,M,69,112,1
2015,11,M,69,124,1
2015,11,M,70,4,0
2015,11,M,70,19,3
2015,11,M,70,51,3
2015,11,M,70,52,3
2015,11,M,70,76,6
2015,11,M,70,82,2
2015,11,M,70,93,2
2015,11,M,70,97,3
2015,11,M,70,112,1
2015,11,M,70,124,5
2015,11,M,71,4,21
2015,11,M,71,19,17
2015,11,M,71,51,61
2015,11,M,71,52,52
2015,11,M,71,76,39
2015,11,M,71,82,34
2015,11,M,71,93,19
2015,11,M,71,97,14
2015,11,M,71,112,1
2015,11,M,71,124,2
2015,11,M,72,4,6
2015,11,M,72,19,5
2015,11,M,72,51,5
2015,11,M,72,52,4
2015,11,M,72,76,2
2015,11,M,72,82,4
2015,11,M,72,93,39
2015,11,M,72,97,35
2015,11,M,72,112,58
2015,11,M,72,124,67
2015,11,M,73,4,50
2015,11,M,73,19,77
2015,11,M,73,51,0
2015,11,M,73,52,2
2015,11,M,73,76,1
2015,11,M,73,82,2
2015,11,M,73,93,2
2015,11,M,73,97,1
2015,11,M,73,112,0
2015,11,M,73,124,0
2015,11,M,74,4,1
2015,11,M,74,19,0
2015,11,M,74,51,0
2015,11,M,74,52,0
2015,11,M,74,76,0
2015,11,M,74,82,0
2015,11,M,74,93,1
2015,11,M,74,97,0
2015,11,M,74,112,2
2015,11,M,74,124,1
2015,11,M,75,4,0
2015,11,M,75,19,0
2015,11,M,75,51,0
2015,11,M,75,52,0
2015,11,M,75,76,0
2015,11,M,75,82,0
2015,11,M,75,93,0
2015,11,M,75,97,0
2015,11,M,75,112,0
2015,11,M,75,124,0
2015,11,M,76,4,0
2015,11,M,76,19,0
2015,11,M,76,51,0
2015,11,M,76,52,0
2015,11,M,76,76,0
2015,11,M,76,82,0
2015,11,M,76,93,0
2015,11,M,76,97,0
2015,11,M,76,112,0
2015,11,M,76,124,0
2015,11,M,77,4,0
2015,11,M,77,19,0
2015,11,M,77,51,2
2015,11,M,77,52,1
2015,11,M,77,76,2
2015,11,M,77,82,2
2015,11,M,77,93,2
2015,11,M,77,97,7
2015,11,M,77,112,0
2015,11,M,77,124,2
2015,11,M,78,4,1
2015,11,M,78,19,13
2015,11,M,78,51,21
2015,11,M,78,52,21
2015,11,M,78,76,19
2015,11,M,78,82,28
2015,11,M,78,93,20
2015,11,M,78,97,20
2015,11,M,78,112,29
2015,11,M,78,124,302
2015,11,M,79,4,213
2015,11,M,79,19,3377
2015,11,M,79,51,158
2015,11,M,79,52,176
2015,11,M,79,76,206
2015,11,M,79,82,202
2015,11,M,79,93,291
2015,11,M,79,97,1104
2015,11,M,79,112,55
2015,11,M,79,124,41
2015,11,M,80,4,69
2015,11,M,80,19,40
2015,11,M,80,51,88
2015,11,M,80,52,89
2015,11,M,80,76,12
2015,11,M,80,82,9
2015,11,M,80,93,6
2015,11,M,80,97,8
2015,11,M,80,112,16
2015,11,M,80,124,76
2015,11,M,81,4,21
2015,11,M,81,19,1
2015,11,M,81,51,3
2015,11,M,81,52,0
2015,11,M,81,76,0
2015,11,M,81,82,0
2015,11,M,81,93,4
2015,11,M,81,97,1
2015,11,M,81,112,1
2015,11,M,81,124,5
2015,11,M,82,4,0
2015,11,M,82,19,0
2015,11,M,82,51,0
2015,11,M,82,52,0
2015,11,M,82,76,0
2015,11,M,82,82,0
2015,11,M,82,93,0
2015,11,M,82,97,0
2015,11,M,82,112,1
2015,11,M,82,124,0
2015,11,M,83,4,1
2015,11,M,83,19,1
2015,11,M,83,51,1
2015,11,M,83,52,1
2015,11,M,83,76,0
2015,11,M,83,82,2
2015,11,M,83,93,0
2015,11,M,83,97,0
2015,11,M,83,112,0
2015,11,M,83,124,0
2015,11,M,84,4,0
2015,11,M,84,19,0
2015,11,M,84,51,0
2015,11,M,84,52,1
2015,11,M,84,76,5
2015,11,M,84,82,1
2015,11,M,84,93,1
2015,11,M,84,97,1
2015,11,M,84,112,0
2015,11,M,84,124,2
2015,11,M,85,4,3
2015,11,M,85,19,2
2015,11,M,85,51,10
2015,11,M,85,52,10
2015,11,M,85,76,9
2015,11,M,85,82,8
2015,11,M,85,93,5
2015,11,M,85,97,3
2015,11,M,85,112,3
2015,11,M,85,124,7
2015,12,F,65,4,0
2015,12,F,65,19,0
2015,12,F,65,51,0
2015,12,F,65,52,0
2015,12,F,65,76,0
2015,12,F,65,82,0
2015,12,F,65,93,0
2015,12,F,65,97,0
2015,12,F,65,112,0
2015,12,F,65,124,0
2015,12,F,66,4,0
2015,12,F,66,19,0
2015,12,F,66,51,0
2015,12,F,66,52,0
2015,12,F,66,76,0
2015,12,F,66,82,0
2015,12,F,66,93,8
2015,12,F,66,97,12
2015,12,F,66,112,13
2015,12,F,66,124,12
2015,12,F,67,4,6
2015,12,F,67,19,11
2015,12,F,67,51,3
2015,12,F,67,52,1
2015,12,F,67,76,0
2015,12,F,67,82,0
2015,12,F,67,93,0
2015,12,F,67,97,0
2015,12,F,67,112,1
2015,12,F,67,124,0
2015,12,F,68,4,1
2015,12,F,68,19,0
2015,12,F,68,51,0
2015,12,F,68,52,0
2015,12,F,68,76,0
2015,12,F,68,82,0
2015,12,F,68,93,0
2015,12,F,68,97,0
2015,12,F,68,112,0
2015,12,F,68,124,0
2015,12,F,69,4,0
2015,12,F,69,19,0
2015,12,F,69,51,0
2015,12,F,69,52,0
2015,12,F,69,76,0
2015,12,F,69,82,0
2015,12,F,69,93,0
2015,12,F,69,97,0
2015,12,F,69,112,0
2015,12,F,69,124,0
2015,12,F,70,4,0
2015,12,F,70,19,0
2015,12,F,70,51,0
2015,12,F,70,52,0
2015,12,F,70,76,0
2015,12,F,70,82,0
2015,12,F,70,93,33
2015,12,F,70,97,30
2015,12,F,70,112,49
2015,12,F,70,124,52
2015,12,F,71,4,40
2015,12,F,71,19,38
2015,12,F,71,51,0
2015,12,F,71,52,0
2015,12,F,71,76,0
2015,12,F,71,82,0
2015,12,F,71,93,0
2015,12,F,71,97,0
2015,12,F,71,112,0
2015,12,F,71,124,0
2015,12,F,72,4,0
2015,12,F,72,19,0
2015,12,F,72,51,0
2015,12,F,72,52,0
2015,12,F,72,76,0
2015,12,F,72,82,0
2015,12,F,72,93,0
2015,12,F,72,97,0
2015,12,F,72,112,0
2015,12,F,72,124,0
2015,12,F,73,4,0
2015,12,F,73,19,0
2015,12,F,73,51,0
2015,12,F,73,52,0
2015,12,F,73,76,0
2015,12,F,73,82,0
2015,12,F,73,93,0
2015,12,F,73,97,0
2015,12,F,73,112,3
2015,12,F,73,124,3
2015,12,F,74,4,2
2015,12,F,74,19,8
2015,12,F,74,51,1
2015,12,F,74,52,0
2015,12,F,74,76,0
2015,12,F,74,82,0
2015,12,F,74,93,1
2015,12,F,74,97,1
2015,12,F,74,112,0
2015,12,F,74,124,1
2015,12,F,75,4,7
2015,12,F,75,19,1
2015,12,F,75,51,0
2015,12,F,75,52,0
2015,12,F,75,76,0
2015,12,F,75,82,0
2015,12,F,75,93,0
2015,12,F,75,97,0
2015,12,F,75,112,0
2015,12,F,75,124,0
2015,12,F,76,4,0
2015,12,F,76,19,7
2015,12,F,76,51,5
2015,12,F,76,52,5
2015,12,F,76,76,4
2015,12,F,76,82,62
2015,12,F,76,93,3
2015,12,F,76,97,8
2015,12,F,76,112,5
2015,12,F,76,124,8
2015,12,F,77,4,682
2015,12,F,77,19,701
2015,12,F,77,51,809
2015,12,F,77,52,705
2015,12,F,77,76,812
2015,12,F,77,82,716
2015,12,F,77,93,671
2015,12,F,77,97,16
2015,12,F,77,112,10
2015,12,F,77,124,12
2015,12,F,78,4,10
2015,12,F,78,19,20
2015,12,F,78,51,24
2015,12,F,78,52,19
2015,12,F,78,76,7
2015,12,F,78,82,3
2015,12,F,78,93,5
2015,12,F,78,97,4
2015,12,F,78,112,10
2015,12,F,78,124,3
2015,12,F,79,4,4
2015,12,F,79,19,831
2015,12,F,79,51,50
2015,12,F,79,52,69
2015,12,F,79,76,84
2015,12,F,79,82,78
2015,12,F,79,93,83
2015,12,F,79,97,629
2015,12,F,79,112,100
2015,12,F,79,124,106
2015,12,F,80,4,4
2015,12,F,80,19,8
2015,12,F,80,51,9
2015,12,F,80,52,7
2015,12,F,80,76,91
2015,12,F,80,82,1
2015,12,F,80,93,2
2015,12,F,80,97,3
2015,12,F,80,112,1
2015,12,F,80,124,2
2015,12,F,81,4,1
2015,12,F,81,19,0
2015,12,F,81,51,0
2015,12,F,81,52,2
2015,12,F,81,76,1
2015,12,F,81,82,0
2015,12,F,81,93,44
2015,12,F,81,97,4
2015,12,F,81,112,18
2015,12,F,81,124,25
2015,12,F,82,4,583
2015,12,F,82,19,46
2015,12,F,82,51,82
2015,12,F,82,52,100
2015,12,F,82,76,17
2015,12,F,82,82,18
2015,12,F,82,93,50
2015,12,F,82,97,78
2015,12,F,82,112,1807
2015,12,F,82,124,13
2015,12,F,83,4,55
2015,12,F,83,19,407
2015,12,F,83,51,550
2015,12,F,83,52,606
2015,12,F,83,76,662
2015,12,F,83,82,716
2015,12,F,83,93,10931
2015,12,F,83,97,716
2015,12,F,83,112,781
2015,12,F,83,124,844
2015,12,F,84,4,1
2015,12,F,84,19,6
2015,12,F,84,51,6
2015,12,F,84,52,2
2015,12,F,84,76,8
2015,12,F,84,82,4
2015,12,F,84,93,6
2015,12,F,84,97,6
2015,12,F,84,112,25
2015,12,F,84,124,34
2015,12,F,85,4,31
2015,12,F,85,19,37
2015,12,F,85,51,57
2015,12,F,85,52,45
2015,12,F,85,76,53
2015,12,F,85,82,65
2015,12,F,85,93,0
2015,12,F,85,97,0
2015,12,F,85,112,0
2015,12,F,85,124,0
2015,12,M,65,4,0
2015,12,M,65,19,0
2015,12,M,65,51,239
2015,12,M,65,52,2141
2015,12,M,65,76,134
2015,12,M,65,82,137
2015,12,M,65,93,211
2015,12,M,65,97,221
2015,12,M,65,112,126
2015,12,M,65,124,157
2015,12,M,66,4,206
2015,12,M,66,19,0
2015,12,M,66,51,0
2015,12,M,66,52,0
2015,12,M,66,76,0
2015,12,M,66,82,0
2015,12,M,66,93,0
2015,12,M,66,97,1
2015,12,M,66,112,0
2015,12,M,66,124,2
2015,12,M,67,4,4
2015,12,M,67,19,15
2015,12,M,67,51,430
2015,12,M,67,52,18
2015,12,M,67,76,11
2015,12,M,67,82,14
2015,12,M,67,93,21
2015,12,M,67,97,23
2015,12,M,67,112,33
2015,12,M,67,124,34
2015,12,M,68,4,40
2015,12,M,68,19,44
2015,12,M,68,51,44
2015,12,M,68,52,45
2015,12,M,68,76,56
2015,12,M,68,82,49
2015,12,M,68,93,1
2015,12,M,68,97,5
2015,12,M,68,112,7
2015,12,M,68,124,4
2015,12,M,69,4,4
2015,12,M,69,19,2
2015,12,M,69,51,0
2015,12,M,69,52,0
2015,12,M,69,76,0
2015,12,M,69,82,0
2015,12,M,69,93,0
2015,12,M,69,97,1
2015,12,M,69,112,0
2015,12,M,69,124,0
2015,12,M,70,4,0
2015,12,M,70,19,2
2015,12,M,70,51,3
2015,12,M,70,52,5
2015,12,M,70,76,2
2015,12,M,70,82,3
2015,12,M,70,93,3
2015,12,M,70,97,1
2015,12,M,70,112,6
2015,12,M,70,124,1
2015,12,M,71,4,31
2015,12,M,71,19,14
2015,12,M,71,51,53
2015,12,M,71,52,59
2015,12,M,71,76,38
2015,12,M,71,82,39
2015,12,M,71,93,20
2015,12,M,71,97,12
2015,12,M,71,112,2
2015,12,M,71,124,2
2015,12,M,72,4,1
2015,12,M,72,19,5
2015,12,M,72,51,6
2015,12,M,72,52,4
2015,12,M,72,76,4
2015,12,M,72,82,8
2015,12,M,72,93,39
2015,12,M,72,97,42
2015,12,M,72,112,56
2015,12,M,72,124,86
2015,12,M,73,4,41
2015,12,M,73,19,76
2015,12,M,73,51,1
2015,12,M,73,52,1
2015,12,M,73,76,2
2015,12,M,73,82,1
2015,12,M,73,93,1
2015,12,M,73,97,1
2015,12,M,73,112,2
2015,12,M,73,124,1
2015,12,M,74,4,1
2015,12,M,74,19,0
2015,12,M,74,51,0
2015,12,M,74,52,0
2015,12,M,74,76,0
2015,12,M,74,82,0
2015,12,M,74,93,0
2015,12,M,74,97,0
2015,12,M,74,112,2
2015,12,M,74,124,0
2015,12,M,75,4,0
2015,12,M,75,19,1
2015,12,M,75,51,0
2015,12,M,75,52,0
2015,12,M,75,76,0
2015,12,M,75,82,0
2015,12,M,75,93,0
2015,12,M,75,97,0
2015,12,M,75,112,0
2015,12,M,75,124,0
2015,12,M,76,4,0
2015,12,M,76,19,0
2015,12,M,76,51,0
2015,12,M,76,52,0
2015,12,M,76,76,0
2015,12,M,76,82,0
2015,12,M,76,93,0
2015,12,M,76,97,0
2015,12,M,76,112,0
2015,12,M,76,124,0
2015,12,M,77,4,0
2015,12,M,77,19,1
2015,12,M,77,51,5
2015,12,M,77,52,1
2015,12,M,77,76,1
2015,12,M,77,82,0
2015,12,M,77,93,3
2015,12,M,77,97,0
2015,12,M,77,112,1
2015,12,M,77,124,1
2015,12,M,78,4,1
2015,12,M,78,19,21
2015,12,M,78,51,18
2015,12,M,78,52,25
2015,12,M,78,76,20
2015,12,M,78,82,21
2015,12,M,78,93,20
2015,12,M,78,97,24
2015,12,M,78,112,35
2015,12,M,78,124,320
2015,12,M,79,4,228
2015,12,M,79,19,3630
2015,12,M,79,51,186
2015,12,M,79,52,188
2015,12,M,79,76,220
2015,12,M,79,82,241
2015,12,M,79,93,347
2015,12,M,79,97,1149
2015,12,M,79,112,41
2015,12,M,79,124,49
2015,12,M,80,4,69
2015,12,M,80,19,79
2015,12,M,80,51,66
2015,12,M,80,52,82
2015,12,M,80,76,13
2015,12,M,80,82,7
2015,12,M,80,93,7
2015,12,M,80,97,2
2015,12,M,80,112,23
2015,12,M,80,124,84
2015,12,M,81,4,28
2015,12,M,81,19,2
2015,12,M,81,51,1
2015,12,M,81,52,1
2015,12,M,81,76,4
2015,12,M,81,82,4
2015,12,M,81,93,2
2015,12,M,81,97,5
2015,12,M,81,112,2
2015,12,M,81,124,1
2015,12,M,82,4,0
2015,12,M,82,19,0
2015,12,M,82,51,0
2015,12,M,82,52,0
2015,12,M,82,76,0
2015,12,M,82,82,0
2015,12,M,82,93,0
2015,12,M,82,97,0
2015,12,M,82,112,4
2015,12,M,82,124,1
2015,12,M,83,4,0
2015,12,M,83,19,0
2015,12,M,83,51,2
2015,12,M,83,52,0
2015,12,M,83,76,1
2015,12,M,83,82,1
2015,12,M,83,93,0
2015,12,M,83,97,0
2015,12,M,83,112,0
2015,12,M,83,124,0
2015,12,M,84,4,0
2015,12,M,84,19,0
2015,12,M,84,51,0
2015,12,M,84,52,6
2015,12,M,84,76,4
2015,12,M,84,82,2
2015,12,M,84,93,4
2015,12,M,84,97,3
2015,12,M,84,112,1
2015,12,M,84,124,4
2015,12,M,85,4,2
2015,12,M,85,19,7
2015,12,M,85,51,12
2015,12,M,85,52,7
2015,12,M,85,76,9
2015,12,M,85,82,13
2015,12,M,85,93,2
2015,12,M,85,97,6
2015,12,M,85,112,6
2015,12,M,85,124,7
